,District,Total_Households,Households_Rural,Households_Urban,Households_Rural_Livable,Households_Urban_Livable,Households_Rural_Dilapidated,Households_Urban_Dilapidated,Households_Rural_Toilet_Premise,Households_Urban_Toilet_Premise,Households_Total_Livable,Households_Total_Dilapidated,Households_Total_Toilet_Premise
0,Kupwara,181664.0,158438.0,23226.0,92053,11497,13151,1115,77477,16305,104094,14352,92467
1,Badgam,187839.0,160649.0,27190.0,74381,9191,6266,707,133821,24580,83965,7138,158349
2,Leh(Ladakh),54394.0,36920.0,17474.0,19014,9541,776,193,32527,16741,28503,980,49173
3,Kargil,48144.0,40370.0,7774.0,29592,5349,1413,94,39079,7580,34953,1541,46652
4,Punch,147408.0,132139.0,15269.0,78623,4169,3172,123,18104,11498,83876,3391,27566
5,Rajouri,213578.0,196070.0,17508.0,103722,3257,5294,298,20000,14970,108925,5554,30542
6,Kathua,214847.0,181374.0,33473.0,66565,9038,6349,1038,25756,22461,75841,7305,47482
7,Baramula,259475.0,210543.0,48932.0,97061,16637,11159,2447,156434,45263,114169,13493,201353
8,Bandipore,98076.0,80521.0,17555.0,43240,5443,5959,755,56446,16555,49038,6768,72577
9,Srinagar,262239.0,4518.0,257721.0,1735,59792,285,5670,4008,252825,61627,5770,256732
10,Ganderbal,77346.0,63788.0,13558.0,30236,2983,6060,611,44333,12379,33646,6807,56308
11,Pulwama,169223.0,147520.0,21703.0,63434,9203,6786,652,92496,19772,72597,7446,112195
12,Shupiyan,80888.0,75616.0,5272.0,25105,1814,4462,174,44614,4998,26936,4611,49423
13,Anantnag,277733.0,207067.0,70666.0,89661,20140,10561,2191,105191,53353,110538,13054,157197
14,Kulgam,121130.0,95952.0,25178.0,47017,10575,4510,1058,40012,14730,57780,5572,54388
15,Doda,133617.0,122267.0,11350.0,73361,2690,1957,330,29345,10601,76429,2272,39150
16,Ramban,89622.0,84281.0,5341.0,43405,1031,1770,129,15003,4418,45080,1883,18015
17,Kishtwar,78371.0,72378.0,5993.0,37637,810,2461,42,14476,5598,39029,2587,18966
18,Udhampur,183360.0,148664.0,34696.0,66453,5899,2974,625,11002,26057,73161,3668,35389
19,Reasi,107833.0,95572.0,12261.0,52470,4844,1434,135,8602,9662,57691,1510,16391
20,Jammu,502609.0,254566.0,248043.0,97754,56058,12474,8434,62624,210589,154804,21110,270404
21,Samba,114236.0,94247.0,19989.0,28746,3559,3111,220,24505,14133,32558,3428,37584
22,Chamba,200231.0,186395.0,13836.0,70831,2574,4288,97,90961,12038,73285,4406,103119
23,Kangra,627328.0,588321.0,39007.0,148846,7412,8237,625,378879,32103,156832,8783,410900
24,Kullu,188704.0,167995.0,20709.0,46199,3190,2016,270,91054,18763,49252,2265,110204
25,Mandi,462825.0,431129.0,31696.0,120717,5484,6899,222,353526,29161,125889,7406,382757
26,Hamirpur,211348.0,196116.0,15232.0,42362,2620,1962,92,174740,14060,45018,2114,188734
27,Una,205217.0,185091.0,20126.0,46829,4911,2592,967,108834,15014,51715,3489,123746
28,Bilaspur,164445.0,152458.0,11987.0,41012,2026,1982,96,104892,11208,43085,2138,116099
29,Solan,244296.0,192787.0,51509.0,47233,9633,3663,722,133024,46256,56921,4398,179314
30,Sirmaur,192156.0,171102.0,21054.0,52871,4148,4791,211,97358,20233,56494,4997,119329
31,Shimla,375165.0,279269.0,95896.0,68142,17358,6424,1247,167003,86978,85163,7504,256238
32,Kinnaur,44514.0,44514.0,0.0,13043,,446,,30804,,13043,446,30804
33,Gurdaspur,606348.0,420860.0,185488.0,207905,76236,37878,9646,210851,158778,285590,47902,363809
34,Kapurthala,261203.0,165433.0,95770.0,68490,30647,10092,3927,128046,90120,99519,14105,217583
35,Jalandhar,708130.0,330339.0,377791.0,154269,143939,20482,18134,251058,361924,298123,38948,612533
36,Hoshiarpur,551265.0,422673.0,128592.0,173296,44108,27474,6302,240924,114319,218301,33628,352259
37,Shahid Bhagat Singh Nagar,231551.0,183168.0,48383.0,73451,17418,9892,3145,122357,41174,90768,12967,163244
38,Fatehgarh Sahib,174896.0,117559.0,57337.0,45966,20240,7524,2581,96987,53840,66111,10144,150936
39,Ludhiana,1036821.0,395032.0,641789.0,178160,262492,28048,31448,345653,621894,440649,60136,967354
40,Moga,288439.0,214295.0,74144.0,96862,25803,15858,4968,183008,70215,123164,21057,252673
41,Firozpur,502390.0,348522.0,153868.0,177398,63240,37641,10925,232116,139559,242152,48732,367750
42,Muktsar,224157.0,149507.0,74650.0,78940,30084,15998,6794,108094,67036,110286,22865,173274
43,Faridkot,158863.0,99946.0,58917.0,48974,23803,7696,4773,80057,54675,72919,12551,134399
44,Bathinda,355722.0,218159.0,137563.0,111480,44571,16144,7429,183909,128072,157941,23834,310902
45,Mansa,196389.0,145603.0,50786.0,67706,17319,10484,2997,91585,43169,86019,13748,132956
46,Patiala,517369.0,299279.0,218090.0,143654,70225,21249,9160,231343,211330,214191,30525,442868
47,Amritsar,660953.0,275477.0,385476.0,152064,163828,21488,20816,167491,360035,317919,42962,522153
48,Tarn Taran,267174.0,222717.0,44457.0,124054,19384,18041,3157,144321,38989,144542,21107,181144
49,Rupnagar,208699.0,148162.0,60537.0,52746,16709,8890,3027,84305,55513,69706,12105,138785
50,Sahibzada Ajit Singh Nagar,291335.0,117293.0,174042.0,50671,41248,8563,6614,71197,160815,92936,15150,230446
51,Sangrur,448944.0,292156.0,156788.0,133516,53936,17822,7370,229635,144245,189455,25590,371726
52,Barnala,156799.0,102577.0,54222.0,50981,22232,6668,3200,82267,48909,73382,9879,130928
53,Chandigarh,298367.0,8911.0,289456.0,4180,76996,250,10131,7842,253564,81156,10443,261370
54,Uttarkashi,121209.0,112148.0,9061.0,30280,1441,3365,73,44299,8291,31636,3516,52969
55,Chamoli,186340.0,163434.0,22906.0,42984,2658,4086,207,76814,20043,44908,4286,98947
56,Rudraprayag,117159.0,112705.0,4454.0,22316,433,2142,14,57480,4080,22729,2109,61978
57,Tehri Garhwal,254236.0,227059.0,27177.0,62669,2881,6358,191,113757,26063,64831,6356,141864
58,Dehradun,497638.0,228245.0,269393.0,60942,54957,8902,6466,170271,256463,114955,14930,429960
59,Garhwal,316462.0,279682.0,36780.0,70201,5297,5035,405,135087,34831,74053,5380,175004
60,Pithoragarh,209943.0,183687.0,26256.0,46657,2600,4225,132,88170,25338,48497,4409,115889
61,Bageshwar,99911.0,96031.0,3880.0,24104,354,2785,35,51377,3492,24579,2898,54752
62,Almora,281138.0,260056.0,21082.0,62674,3057,4421,275,134189,19375,65225,4780,155470
63,Champawat,98041.0,85202.0,12839.0,34337,3608,5113,758,34422,10259,37746,5883,45492
64,Nainital,298663.0,193086.0,105577.0,61209,20905,9848,3168,134002,100087,80640,12843,237438
65,Udham Singh Nagar,414659.0,269406.0,145253.0,123658,52873,18051,5811,153293,133633,176645,24051,287359
66,Hardwar,488011.0,301828.0,186183.0,145783,47105,15997,4097,151518,172406,192277,20009,325016
67,Panchkula,164551.0,70895.0,93656.0,24956,21260,3474,4402,31194,82043,45252,7899,116338
68,Ambala,315256.0,175365.0,139891.0,77512,39730,7541,4617,89612,124923,116645,12295,216581
69,Yamunanagar,357723.0,214464.0,143259.0,101013,48565,13726,5731,98654,131656,148813,19318,233236
70,Kurukshetra,291821.0,203553.0,88268.0,93635,26128,8753,3090,140656,81560,119939,11673,221784
71,Kaithal,306787.0,231091.0,75696.0,112080,27932,11093,3104,133340,62601,140509,14113,194503
72,Karnal,428602.0,292682.0,135920.0,139024,39825,14342,3534,200780,124503,178728,18002,325309
73,Panipat,327306.0,173502.0,153804.0,82587,59984,7288,4461,115726,145960,142379,11456,262500
74,Sonipat,417434.0,283858.0,133576.0,142497,47554,13342,4542,159529,123158,189516,17950,284273
75,Jind,368000.0,278335.0,89665.0,142230,30397,13917,2511,142786,78547,172960,16193,220432
76,Fatehabad,258380.0,203020.0,55360.0,94202,18712,11573,2713,148002,50323,113429,14211,197403
77,Sirsa,338792.0,245476.0,93316.0,102364,30795,14484,3826,214792,89491,133823,18295,303897
78,Hisar,456126.0,302013.0,154113.0,140437,49625,16611,5086,188759,137932,191117,21895,324306
79,Bhiwani,456282.0,357047.0,99235.0,163885,41282,18924,4367,175668,86136,205327,23271,259625
80,Rohtak,306942.0,175203.0,131739.0,86376,43870,8235,3557,102319,121332,130144,11971,223761
81,Jhajjar,290144.0,211816.0,78328.0,95530,32037,10379,3525,123913,71827,127664,13927,195558
82,Mahendragarh,267942.0,223726.0,44216.0,94189,16449,6936,1239,87254,34135,110928,8039,118699
83,Rewari,268754.0,199449.0,69305.0,83171,21485,6582,1664,99326,60850,104815,8332,159640
84,Gurgaon,523691.0,141703.0,381988.0,55690,104665,4535,14898,92958,350283,160774,19377,443043
85,Mewat,223635.0,187398.0,36237.0,109441,14930,16866,1740,33357,22649,125907,19009,52331
86,Faridabad,470681.0,87700.0,382981.0,37887,149746,3772,9192,51393,341620,187332,13180,395373
87,Palwal,249159.0,186069.0,63090.0,95082,22839,11723,2272,59729,52239,118351,13953,110627
88,North West,1026867.0,67592.0,959275.0,31498,329991,3042,31657,43327,824018,359404,34914,869757
89,North,301071.0,4512.0,296559.0,1142,110024,41,10380,4422,266607,111096,10237,270964
90,North East,487581.0,5326.0,482255.0,1939,171683,150,9646,5060,458625,173579,9752,463690
91,East,462218.0,1086.0,461132.0,73,111594,14,8762,1066,430698,111395,8783,431712
92,New Delhi,52664.0,0.0,52664.0,,15168,,1949,,41026,15168,1949,41026
93,Central,194897.0,0.0,194897.0,,76595,,6237,,176967,76595,6237,176967
94,West,701512.0,1809.0,699703.0,874,201515,33,19592,1576,629033,202737,19643,630660
95,South West,647682.0,41179.0,606503.0,14619,168002,1359,15770,36114,553131,181999,16840,589391
96,South,731063.0,2918.0,728145.0,1206,220628,135,21117,2644,640768,222244,21201,643336
97,Ganganagar,562594.0,397697.0,164897.0,167431,53097,9943,5442,323328,154344,221100,15191,476518
98,Hanumangarh,497753.0,389059.0,108694.0,143174,35000,9338,3370,320196,102064,178694,12444,421100
99,Bikaner,531933.0,335754.0,196179.0,169892,53557,16452,3336,99048,181662,225008,20214,276074
100,Churu,493893.0,344897.0,148996.0,135200,45295,20005,3278,162102,130372,181753,24201,285471
101,Jhunjhunun,650809.0,500452.0,150357.0,122111,38191,12011,2707,228707,124045,160100,14969,348834
102,Alwar,995261.0,782294.0,212967.0,309007,61335,28163,3408,115780,168883,372228,31849,273697
103,Bharatpur,129697.0,0.0,129697.0,0,54473,0,3113,0,90140,67443,5448,26329
104,Dhaulpur,273296.0,214670.0,58626.0,125368,23334,14169,2052,10305,36818,149220,16125,44821
105,Karauli,364355.0,305047.0,59308.0,190350,24613,17083,1839,25014,37009,216427,19311,57933
106,Sawai Madhopur,353321.0,282057.0,71264.0,155696,24800,12411,1853,24822,51453,181607,14487,73138
107,Dausa,420694.0,361084.0,59610.0,170071,15976,19138,835,33581,45900,188051,20615,73201
108,Jaipur,1732679.0,754841.0,977838.0,321563,264995,31704,11735,166066,886900,587379,43317,1050004
109,Sikar,705834.0,527560.0,178274.0,165654,47956,14772,2853,212080,150999,214574,17646,352917
110,Nagaur,842201.0,675712.0,166489.0,313531,53277,42570,3996,179064,134191,369727,47164,301508
111,Jodhpur,891657.0,584215.0,307442.0,289187,79321,30380,5227,80038,277006,369146,35667,353988
112,Jaisalmer,189947.0,159117.0,30830.0,89265,12456,5092,525,26573,20502,102572,5699,44258
113,Barmer,598805.0,542825.0,55980.0,322439,16235,28770,1400,52655,46352,342517,30540,89222
114,Jalor,467418.0,419216.0,48202.0,218412,17594,35215,1929,47372,29838,237449,37394,72450
115,Sirohi,308174.0,238535.0,69639.0,121176,18664,16459,1324,38643,47494,141452,18183,82591
116,Pali,652717.0,512909.0,139808.0,256968,46417,27698,3496,95914,96608,304819,31331,189288
117,Ajmer,684254.0,409335.0,274919.0,204259,76703,13918,3025,57717,236981,282597,17107,289440
118,Tonk,380666.0,298911.0,81755.0,161711,29678,5680,2044,20625,53714,192237,7614,71185
119,Bundi,303288.0,239836.0,63452.0,135028,21320,8155,1270,19907,40737,157407,9402,57929
120,Bhilwara,675880.0,530015.0,145865.0,294159,43906,19081,1897,55652,108962,340644,20953,158156
121,Rajsamand,365676.0,304622.0,61054.0,166324,18866,12795,611,34423,43593,187227,13531,73136
122,Dungarpur,354363.0,322816.0,31547.0,200469,8077,20015,663,29377,23377,211555,20908,47485
123,Banswara,429844.0,390437.0,39407.0,267840,9261,35530,907,26941,32511,280689,36967,53301
124,Chittaurgarh,455653.0,366780.0,88873.0,201363,23818,13205,1600,35211,64433,227371,15037,94776
125,Kota,515189.0,203454.0,311735.0,94200,91339,5697,5923,25025,239413,185469,11335,264808
126,Baran,318988.0,249184.0,69804.0,126337,24362,7725,1397,18689,39998,151520,9251,56142
127,Jhalawar,362387.0,298624.0,63763.0,178279,19129,12841,1340,21501,42658,199313,14134,60157
128,Udaipur,848218.0,665449.0,182769.0,399935,40210,25288,2194,61887,157547,446163,27992,206966
129,Pratapgarh,234082.0,209813.0,24269.0,132602,5825,5246,340,13009,17013,140450,5618,26686
130,Saharanpur,889238.0,605082.0,284156.0,281364,105991,34490,8809,259581,261424,387708,43573,518426
131,Muzaffarnagar,969850.0,673746.0,296104.0,338221,118442,30993,9476,369887,274193,457770,40734,640101
132,Bijnor,908523.0,683875.0,224648.0,359719,95925,37614,7189,344673,207575,456079,45427,549657
133,Moradabad,1047916.0,692398.0,355518.0,439673,164250,41544,11377,330967,332765,604648,53444,662283
134,Rampur,539992.0,396775.0,143217.0,257507,69461,24601,5586,223782,135054,327236,30240,357475
135,Jyotiba Phule Nagar,451374.0,335888.0,115486.0,203213,58552,19818,4620,135363,106248,261797,24375,240131
136,Meerut,803823.0,381520.0,422303.0,190379,151607,15643,8869,202588,392320,341625,24115,595633
137,Baghpat,316046.0,246055.0,69991.0,128687,32546,7874,2170,144681,60543,161184,10114,204482
138,Ghaziabad,1191723.0,355407.0,836316.0,180192,285184,12795,15054,212534,792828,463581,27410,1008198
139,Gautam Buddha Nagar,509770.0,170835.0,338935.0,72264,95241,4101,4407,88322,310126,168225,8157,396092
140,Bulandshahr,880077.0,658449.0,221628.0,370707,95965,28314,6206,203461,188384,467321,34324,389875
141,Aligarh,858059.0,582117.0,275942.0,330061,117000,25032,7451,124574,232896,446191,32607,360385
142,Mahamaya Nagar,373033.0,288150.0,84883.0,158771,39386,12103,2717,47545,61710,198827,14922,105942
143,Mathura,585290.0,407488.0,177802.0,217192,72010,16300,4090,79868,144376,290304,20486,220070
144,Agra,903823.0,496971.0,406852.0,262898,155418,21370,7731,82498,333619,417567,28923,418471
145,Firozabad,535368.0,349747.0,185621.0,201455,96709,23434,7425,39872,152395,298200,31052,190592
146,Mainpuri,411258.0,338475.0,72783.0,180746,30278,25386,3203,45695,54879,212210,28789,95412
147,Budaun,867624.0,710956.0,156668.0,464966,81155,57588,9871,149301,121418,545736,66808,270699
148,Bareilly,994411.0,631613.0,362798.0,397917,169064,48635,14512,282963,334863,566815,62648,616535
149,Pilibhit,461390.0,371752.0,89638.0,233089,40875,34202,7530,131972,79599,275450,41987,207165
150,Shahjahanpur,655003.0,520289.0,134714.0,319978,66953,62435,11047,140479,115720,387762,73361,250867
151,Kheri,862610.0,754938.0,107672.0,483161,49314,83799,9583,138154,82047,533956,94025,213928
152,Sitapur,938902.0,827583.0,111319.0,512274,47200,100138,9463,98483,80150,562403,110791,171820
153,Hardoi,907677.0,786613.0,121064.0,490060,56174,65289,7991,136871,89588,547330,73522,222381
154,Unnao,717356.0,596317.0,121039.0,351828,53500,43532,6173,94219,86785,406024,49498,178622
155,Lucknow,1061721.0,344155.0,717566.0,196857,223164,28565,29421,73994,629306,422565,58395,696489
156,Rae Bareli,778418.0,705025.0,73393.0,390584,25028,54992,3817,94474,52183,417233,59160,142451
157,Farrukhabad,411490.0,316647.0,94843.0,188722,43344,27232,4458,75679,77487,232492,32097,151429
158,Kannauj,365770.0,299785.0,65985.0,174775,28572,26382,3894,65054,49885,204100,30359,111926
159,Etawah,351126.0,265643.0,85483.0,145307,34621,20721,3591,52598,71293,180830,24579,119032
160,Auraiya,314274.0,255836.0,58438.0,141222,22558,23026,2338,52191,43946,164994,25771,92083
161,Kanpur Dehat,405256.0,363933.0,41323.0,206714,16323,30571,2439,83705,27398,223702,32826,109420
162,Kanpur Nagar,1049775.0,364869.0,684906.0,214543,265059,25176,32876,86110,583540,480797,58788,664508
163,Jalaun,396421.0,304856.0,91565.0,174683,37634,8841,3205,86275,69224,211689,12290,158172
164,Jhansi,504913.0,309592.0,195321.0,146747,64261,6192,3712,64086,139850,210044,9594,207520
165,Lalitpur,301832.0,258013.0,43819.0,136231,15863,6967,1140,30962,27563,152124,8150,58556
166,Hamirpur,311381.0,256081.0,55300.0,129321,20517,3842,885,64021,37992,149775,4671,102133
167,Mahoba,246823.0,198298.0,48525.0,100538,23632,3372,777,35298,26544,123906,4196,62940
168,Banda,445625.0,378056.0,67569.0,199992,23785,4159,1149,75612,49664,223704,5348,125221
169,Chitrakoot,230795.0,207237.0,23558.0,108800,11002,3731,637,24454,13829,119783,4386,38082
170,Fatehpur,636540.0,558807.0,77733.0,320756,31793,31852,3343,102262,56046,352644,35010,157226
171,Pratapgarh,752786.0,711085.0,41701.0,317855,13220,44799,1252,80353,26731,331226,45920,105391
172,Kaushambi,380620.0,349856.0,30764.0,193121,13198,15394,1354,48281,15813,206297,16748,63564
173,Allahabad,1248570.0,983266.0,265304.0,479834,80918,45231,7694,153390,222856,558111,52440,387057
174,Bara Banki,714908.0,635840.0,79068.0,323643,31232,75665,6958,83931,53609,356025,82930,130829
175,Faizabad,589666.0,510378.0,79288.0,262335,28623,47466,3886,74005,60418,290706,51301,133855
176,Ambedkar Nagar,566590.0,501559.0,65031.0,232724,27314,49655,6374,69717,35377,260065,56093,105386
177,Sultanpur,889628.0,839737.0,49891.0,418190,14818,72218,2196,110006,36371,434139,74729,144120
178,Bahraich,760262.0,698520.0,61742.0,430987,25932,60073,3520,73345,49085,457678,63863,119362
179,Shrawasti,257274.0,248770.0,8504.0,139809,3189,16917,851,25873,5358,143045,17752,30873
180,Balrampur,445838.0,410070.0,35768.0,232510,14487,27475,1467,41828,25718,247441,28980,66876
181,Gonda,726372.0,673578.0,52794.0,344199,17159,76115,2323,53213,40705,362460,79175,90797
182,Siddharthnagar,513513.0,480165.0,33348.0,215114,11806,31691,1735,49938,15641,226973,33379,65217
183,Basti,545025.0,513960.0,31065.0,207126,11091,51396,2113,67329,22398,218556,53413,89385
184,Sant Kabir Nagar,352151.0,324972.0,27179.0,141038,10301,33148,1740,39972,13508,151425,34863,52823
185,Mahrajganj,607079.0,573046.0,34033.0,294546,13375,50429,1974,95699,19876,308397,52816,114131
186,Gorakhpur,951128.0,761958.0,189170.0,356597,59778,67815,7000,141725,152093,416595,75140,291997
187,Kushinagar,785099.0,742324.0,42775.0,414960,16554,63098,4021,109864,26649,432590,66734,133467
188,Deoria,665706.0,597778.0,67928.0,277967,22824,50812,4484,99829,42388,301565,55254,141130
189,Azamgarh,971458.0,891024.0,80434.0,430365,30083,80193,3861,149693,51961,460472,84517,199149
190,Mau,451528.0,352207.0,99321.0,166242,43801,35573,6754,61989,63069,209961,42444,123719
191,Ballia,629381.0,564927.0,64454.0,269471,23268,72311,5995,125414,39317,293292,78044,163010
192,Jaunpur,1006670.0,926088.0,80582.0,426927,35859,66679,3546,142618,57858,463069,70467,199321
193,Ghazipur,761640.0,700173.0,61467.0,358489,23604,72818,4488,130233,40261,382344,77688,168323
194,Chandauli,395759.0,344937.0,50822.0,169020,18703,23456,2338,64849,35169,187986,26121,100128
195,Varanasi,755064.0,438935.0,316129.0,208934,113175,29409,11065,118952,281355,320148,40019,411510
196,Sant Ravidas Nagar (Bhadohi),339507.0,293510.0,45997.0,140005,20239,18198,2622,36983,25575,160248,20710,63828
197,Mirzapur,543115.0,465152.0,77963.0,240019,31731,22328,2729,89310,53405,272101,24984,142297
198,Sonbhadra,428088.0,337048.0,91040.0,188073,31318,6067,4279,46176,64366,222178,9847,103170
199,Etah,401998.0,334246.0,67752.0,189184,29405,23398,2101,30751,53050,219491,25728,79596
200,Kanshiram Nagar,343724.0,271234.0,72490.0,166809,36318,24140,3190,30379,55745,203829,27498,82494
201,Pashchim Champaran,936134.0,839514.0,96620.0,531413,50146,41137,7150,96545,52079,581340,48679,148846
202,Purba Champaran,1243825.0,1142260.0,101565.0,639666,43572,63967,5790,177051,54846,685348,69655,226377
203,Sheohar,166000.0,158484.0,7516.0,94457,3383,5389,602,31380,2774,97940,5976,33864
204,Sitamarhi,856964.0,807294.0,49670.0,473882,20763,50053,3229,150964,30051,496183,53132,178249
205,Madhubani,1088786.0,1047552.0,41234.0,532157,17607,49235,2928,181227,22885,549837,52262,201426
206,Supaul,600102.0,572287.0,27815.0,355391,14409,28043,2170,52079,13018,370263,30006,64812
207,Araria,703274.0,659061.0,44213.0,424436,21444,24386,2830,44158,24008,446579,26725,66108
208,Kishanganj,445150.0,401793.0,43357.0,249916,20118,14063,3426,24912,22503,270652,17361,46296
209,Purnia,798596.0,712847.0,85749.0,464064,39531,36356,8318,61305,50678,504713,43923,109408
210,Katihar,738070.0,668232.0,69838.0,414304,29542,33412,4959,84866,47840,445057,37642,129163
211,Madhepura,510278.0,486278.0,24000.0,311218,11016,30150,2088,54950,12312,322496,32148,66847
212,Saharsa,470697.0,432651.0,38046.0,278195,16398,28555,2816,54082,25720,295128,31537,78607
213,Darbhanga,1002713.0,907174.0,95539.0,478988,38216,73482,8599,189600,64012,517400,82223,251681
214,Muzaffarpur,1119394.0,998694.0,120700.0,603212,43694,83891,8208,218714,93060,650368,92910,303356
215,Gopalganj,554058.0,515925.0,38133.0,273957,15101,41274,2327,93383,19372,289773,43771,110812
216,Siwan,674372.0,632514.0,41858.0,294752,14400,51867,2554,127768,29887,310212,54625,154432
217,Saran,777622.0,701323.0,76299.0,360481,31665,61016,6028,124836,45017,393477,66876,166412
218,Vaishali,750811.0,699317.0,51494.0,397912,22967,86016,5459,174830,31927,421205,91599,204221
219,Samastipur,1056465.0,1012979.0,43486.0,599684,16786,98259,2827,172207,30528,618033,101421,198616
220,Begusarai,733625.0,594377.0,139248.0,339390,60573,68948,13647,151567,80347,400560,82900,229625
221,Khagaria,394703.0,373696.0,21007.0,219734,9937,33259,1513,81093,13928,230112,35129,93940
222,Bhagalpur,653161.0,522527.0,130634.0,307246,55912,45983,10059,131155,93665,365117,56172,220116
223,Banka,444096.0,425604.0,18492.0,257491,8673,28942,944,47243,8285,266902,29755,54624
224,Munger,308063.0,222281.0,85782.0,130257,33627,17561,5748,58016,63651,164814,23413,119529
225,Lakhisarai,207645.0,175882.0,31763.0,103595,16613,13543,2669,47137,19567,120227,16197,66032
226,Sheikhpura,132638.0,108293.0,24345.0,64976,10883,10180,1802,26316,12709,76267,12071,38333
227,Nalanda,616663.0,514141.0,102522.0,306429,42855,48844,7280,117225,75457,350265,56733,189316
228,Patna,1210094.0,657991.0,552103.0,384267,171152,59878,28710,181606,477570,563904,89547,641350
229,Bhojpur,511927.0,434559.0,77368.0,251176,31799,37807,6345,89085,53075,284120,44026,139245
230,Buxar,334657.0,299252.0,35405.0,169976,14021,31422,3116,59851,23793,184397,34470,82661
231,Kaimur (Bhabua),340442.0,325143.0,15299.0,196062,5126,21135,704,47146,10740,201542,21789,56854
232,Rohtas,608061.0,512383.0,95678.0,295645,39994,32793,5646,108113,65444,336258,38308,171474
233,Aurangabad,477297.0,428291.0,49006.0,247553,20142,28268,2647,73667,33325,268719,31025,104051
234,Gaya,807571.0,696289.0,111282.0,437270,40062,55007,5231,114888,86578,479698,60568,195433
235,Nawada,424874.0,379551.0,45323.0,236461,17994,39094,2901,65663,31409,255775,42063,94747
236,Jamui,356760.0,325909.0,30851.0,209234,15087,26073,2623,38784,15087,224759,28541,52801
237,Jehanabad,214792.0,186660.0,28132.0,114236,11028,16987,1942,41626,19046,125654,18902,59713
238,Arwal,144294.0,134334.0,9960.0,83153,5150,10479,608,30226,3885,88308,11111,34198
239,North  District,13609.0,11543.0,2066.0,5229,420,428,38,8658,2011,5812,477,10534
240,West District,33977.0,32091.0,1886.0,16559,291,2536,125,26989,1685,17057,2651,28643
241,South District,39298.0,31135.0,8163.0,14105,1249,1837,74,26434,7992,15916,2005,34150
242,East District,82138.0,40626.0,41512.0,16901,7639,3047,706,34858,39395,25135,3943,74007
243,Tawang,13182.0,10730.0,2452.0,5033,613,440,15,7447,2391,5695,462,9768
244,West Kameng,17889.0,17889.0,0.0,8641,0,448,0,6959,0,8373,466,8999
245,East Kameng,19718.0,14503.0,5215.0,8441,2467,378,131,3191,3338,10964,493,6350
246,Papum Pare,50488.0,20308.0,30180.0,8997,9477,813,1057,11129,27676,18479,1869,38775
247,Upper Subansiri,19214.0,14542.0,4672.0,9147,1799,364,57,5003,3976,11318,442,8224
248,West Siang,30775.0,22272.0,8503.0,9177,2551,179,179,15836,8129,11818,339,23759
249,East Siang,29021.0,19497.0,9524.0,5460,5372,293,410,9242,8639,10796,697,17848
250,Upper Siang,10751.0,8569.0,2182.0,2503,1037,35,25,4825,1750,3559,65,6602
251,Changlang,39920.0,33422.0,6498.0,16645,2489,569,52,21825,5933,19242,639,27545
252,Tirap,24920.0,18420.0,6500.0,7976,3068,185,98,15768,5974,10990,275,21656
253,Lower Subansiri,23477.0,18112.0,5365.0,7282,1315,272,38,12335,5285,8687,306,17420
254,Kurung Kumey,19695.0,18603.0,1092.0,8316,543,2326,56,4372,881,8824,2423,5023
255,Dibang Valley,3230.0,2055.0,1175.0,1022,574,148,66,1330,966,1596,217,2265
256,Lower Dibang Valley,15950.0,12000.0,3950.0,6324,1276,384,147,5760,3500,7736,527,8996
257,Lohit,44971.0,33599.0,11372.0,18178,5311,2016,410,16632,10144,23565,2429,26488
258,Anjaw,6453.0,6025.0,428.0,3182,293,362,0,1669,275,3440,375,1853
259,Mon,51022.0,43607.0,7415.0,27909,3612,611,416,27342,6985,31583,1021,34134
260,Mokokchung,55278.0,37536.0,17742.0,12800,5855,188,125,36148,17476,18684,332,53620
261,Zunheboto,37311.0,31267.0,6044.0,13821,2182,532,13,22419,5706,16007,560,28133
262,Wokha,46669.0,38499.0,8170.0,19866,1773,385,17,22907,7901,21468,421,31035
263,Dimapur,111969.0,49116.0,62853.0,21955,21748,1572,1320,44991,60842,44004,2912,105699
264,Phek,46198.0,38903.0,7295.0,21164,2838,934,30,29333,6829,24208,971,35943
265,Tuensang,50141.0,40690.0,9451.0,22380,5095,1384,293,20264,8393,27478,1705,28380
266,Longleng,15137.0,12686.0,2451.0,8386,1562,280,138,8754,1856,9961,409,10581
267,Kiphire,20322.0,16032.0,4290.0,9171,1193,161,18,5868,4089,10466,183,9775
268,Kohima,76100.0,31845.0,44255.0,10700,14118,192,841,16624,40715,24961,914,54640
269,Peren,24277.0,20204.0,4073.0,10709,2489,182,86,15578,3784,13159,268,19301
270,Senapati,39834.0,38008.0,1826.0,22691,1158,837,33,27556,1783,23781,837,29079
271,Tamenglong,28101.0,23982.0,4119.0,13574,2254,2015,429,15925,3984,15821,2417,19840
272,Churachandpur,57825.0,52972.0,4853.0,28393,2548,1219,112,43596,4795,30937,1330,48227
273,Bishnupur,56149.0,34977.0,21172.0,12138,6373,2064,869,31865,19987,18530,2920,51826
274,Thoubal,104263.0,65961.0,38302.0,22097,10265,3628,1992,60487,36043,32426,5631,96548
275,Imphal West,136801.0,51055.0,85746.0,16900,26153,2706,3773,46971,82917,43093,6430,129825
276,Imphal East,110941.0,64421.0,46520.0,23450,14654,2964,1489,58559,44427,38164,4438,102954
277,Ukhrul,41890.0,36084.0,5806.0,25404,3275,1877,244,29012,5580,28695,2095,34602
278,Chandel,34160.0,30377.0,3783.0,17741,1540,1246,591,23421,3666,19267,1845,27089
279,Mamit,20855.0,16726.0,4129.0,8313,884,987,42,13900,4076,9281,1043,17915
280,Kolasib,22176.0,9669.0,12507.0,4555,4816,213,301,9254,12082,9381,511,21334
281,Aizawl,100911.0,20570.0,80341.0,7118,13337,350,563,20036,79779,20586,909,99801
282,Champhai,31112.0,18395.0,12717.0,8867,5647,883,191,17457,12387,14530,1089,29837
283,Serchhip,15490.0,7472.0,8018.0,3886,3737,464,770,7204,7970,7637,1224,15165
284,Lunglei,38794.0,21479.0,17315.0,10697,4641,838,139,17291,16831,15518,1009,33984
285,Lawngtlai,27266.0,21993.0,5273.0,10931,1825,1144,85,13306,5184,12843,1255,18241
286,Saiha,12827.0,7043.0,5784.0,2282,1661,367,134,6128,5646,3964,514,11737
287,West Tripura,506637.0,289621.0,217016.0,119904,69880,11585,7813,246758,212893,190496,19253,458507
288,South Tripura,264077.0,219171.0,44906.0,94025,12305,9863,1617,181036,44008,106952,11620,224466
289,Dhalai,103528.0,89457.0,14071.0,42493,5629,6441,1267,59400,13565,48245,7662,72470
290,North Tripura,192621.0,150437.0,42184.0,72812,14512,12487,2996,122607,40919,88221,15410,162573
291,West Garo Hills,157945.0,139351.0,18594.0,68282,6341,7665,1172,78455,17460,74708,8845,95715
292,East Garo Hills,74216.0,62698.0,11518.0,30660,4873,2258,139,49720,11138,35624,2450,60635
293,South Garo Hills,39643.0,35930.0,3713.0,18397,1556,1438,101,22780,3246,19941,1507,26046
294,West Khasi Hills,87131.0,74832.0,12299.0,41981,5756,6885,566,30532,11131,47923,7581,40429
295,Ribhoi,63724.0,57988.0,5736.0,31256,1956,3422,178,37171,5243,33328,3633,42313
296,East Khasi Hills,215091.0,106248.0,108843.0,56206,25579,9882,2286,47068,105469,83886,12691,148843
297,Jaintia Hills,83717.0,76546.0,7171.0,35518,1004,6430,151,33375,6892,36752,6614,39934
298,Kokrajhar,222011.0,204896.0,17115.0,112693,4245,26637,805,51020,15421,117666,27530,64828
299,Dhubri,521019.0,460602.0,60417.0,295707,24046,81066,7371,179635,48395,320948,88574,225602
300,Goalpara,268114.0,228610.0,39504.0,138081,18330,28805,3161,141967,33579,156579,31906,175615
301,Barpeta,499381.0,447189.0,52192.0,282624,17641,84072,3863,312138,48435,302126,88391,359055
302,Morigaon,257481.0,232206.0,25275.0,145129,10818,34367,2326,132822,22824,156291,36820,154747
303,Nagaon,799185.0,674999.0,124186.0,400275,54270,93150,7327,486000,118226,456335,100698,601787
304,Sonitpur,547853.0,483325.0,64528.0,280812,20779,49300,2904,265829,61302,303511,52594,324329
305,Lakhimpur,327933.0,293239.0,34694.0,190019,13080,28445,1909,157470,32856,202991,30170,190202
306,Dhemaji,228262.0,211758.0,16504.0,140184,7972,21176,1189,85339,15778,147686,22142,102262
307,Tinsukia,381614.0,290704.0,90910.0,162795,33728,14536,4546,224715,85910,198058,19081,309489
308,Dibrugarh,377015.0,299852.0,77163.0,162520,22918,17092,3164,222491,74386,185869,20359,296711
309,Sivasagar,405229.0,360182.0,45047.0,217190,16398,21972,1757,258971,41984,233818,23909,300680
310,Jorhat,367154.0,286330.0,80824.0,174375,28531,23193,3233,168649,76137,202670,26436,244892
311,Golaghat,327083.0,292893.0,34190.0,187452,13232,23139,1436,190674,33404,201157,24532,223725
312,Karbi Anglong,252876.0,215691.0,37185.0,140415,19337,9275,1339,104611,35140,160071,10621,138577
313,Dima Hasao,58919.0,37610.0,21309.0,23469,9632,1693,704,21476,20585,33584,2416,40890
314,Cachar,435160.0,346227.0,88933.0,197004,33084,42240,5425,268673,85198,231506,48303,352480
315,Karimganj,294640.0,261945.0,32695.0,150881,11803,39030,2845,219248,31845,163820,42134,250444
316,Hailakandi,175417.0,159215.0,16202.0,94733,4942,26749,1232,130398,15895,100690,28243,145772
317,Bongaigaon,220393.0,181923.0,38470.0,116977,11157,22741,1655,89507,35239,128710,24464,124302
318,Chirang,140631.0,129018.0,11613.0,74186,4588,14063,1719,30965,9860,78894,15751,40362
319,Kamrup,434445.0,390596.0,43849.0,230843,19776,48044,3728,222640,34510,250675,51699,257192
320,Kamrup Metropolitan,428192.0,61334.0,366858.0,32140,100153,6195,14308,39684,355853,132740,20554,395222
321,Nalbari,238944.0,210706.0,28238.0,128531,12228,20018,2401,134220,25443,140977,22461,159376
322,Baksa,295221.0,291641.0,3580.0,187526,1905,32664,269,112866,3369,189532,33065,116318
323,Darrang,288706.0,268517.0,20189.0,154666,6946,47797,1737,127815,18534,161676,49658,146086
324,Udalguri,281625.0,267790.0,13835.0,160407,4884,28654,997,111133,12424,165033,29571,123634
325,Darjiling,518959.0,303284.0,215675.0,164380,68369,24263,11431,158618,187638,236127,36328,340957
326,Jalpaiguri,1117804.0,798378.0,319426.0,461463,118827,127741,33540,296199,262888,581259,162082,555549
327,Koch Bihar,900738.0,803407.0,97331.0,463566,32996,101230,7690,447498,87890,497208,108990,533237
328,Uttar Dinajpur,778250.0,683981.0,94269.0,396025,37708,84814,13764,140901,75981,434264,98060,214019
329,Dakshin Dinajpur,461026.0,390949.0,70077.0,225187,24037,46523,6518,107511,64191,249877,53018,169658
330,Maldah,958996.0,830318.0,128678.0,489888,62409,93826,10681,210901,95608,552382,104531,304002
331,Murshidabad,1851965.0,1501066.0,350899.0,842099,170187,255182,40705,520870,216856,1013025,296315,731527
332,Birbhum,965609.0,831044.0,134565.0,432143,50193,129643,12515,155406,82893,484736,142911,232712
333,Barddhaman,2227236.0,1364868.0,862368.0,707002,329425,128298,54330,629205,616594,1040120,184861,1240571
334,Nadia,1549771.0,1081381.0,468390.0,582865,192977,168696,49650,771025,437008,779535,218518,1202623
335,North Twenty Four Parganas,2859140.0,1209337.0,1649803.0,559924,551035,238240,89090,954167,1550815,1115065,331661,2501748
336,Hugli,1640038.0,992085.0,647953.0,451399,218361,116074,34342,596244,575383,670776,150884,1167708
337,Bankura,991400.0,900515.0,90885.0,471870,35264,105361,8089,148585,54895,507597,114011,201255
338,Puruliya,752652.0,653219.0,99433.0,409569,43254,48339,6663,39847,50612,453097,54944,88813
339,Haora,1352697.0,483384.0,869313.0,195288,305999,67191,56506,290998,725877,501851,124449,1010465
340,Kolkata,1308106.0,0.0,1308106.0,,404205,,35319,,1241393,404205,35319,1241393
341,South Twenty Four Parganas,2180232.0,1568802.0,611430.0,782833,235401,254146,49526,862842,508099,1022529,305233,1364826
342,Paschim Medinipur,1565383.0,1364335.0,201048.0,712183,65944,180093,16687,571657,155210,779561,197239,721642
343,Purba Medinipur,1363713.0,1193006.0,170707.0,584573,59407,215935,17242,1021214,141346,647764,234559,1163248
344,Garhwa,292052.0,272872.0,19180.0,170273,8536,12553,1305,13371,8881,179320,13727,20736
345,Chatra,215502.0,200974.0,14528.0,115561,6741,9044,596,13265,9545,122406,9698,21766
346,Kodarma,151485.0,116714.0,34771.0,61042,15543,4902,1878,8871,17490,76803,6666,24996
347,Giridih,499450.0,452564.0,46886.0,242575,17348,14030,1595,26249,28742,260214,15483,53941
348,Deoghar,321710.0,257373.0,64337.0,155969,24063,13127,2703,14156,43943,181767,16086,52761
349,Godda,292030.0,276454.0,15576.0,173337,5732,25434,655,21840,10109,179599,26283,30664
350,Sahibganj,260993.0,223450.0,37543.0,145466,17458,16312,2929,20558,20386,163382,19053,39932
351,Pakur,217175.0,200588.0,16587.0,120153,7747,14242,946,14643,7713,128134,15203,22152
352,Dhanbad,664219.0,258764.0,405455.0,135075,180428,12162,15813,31570,240435,316833,27898,264360
353,Bokaro,508764.0,250312.0,258452.0,125907,94852,10263,8271,16521,162050,222839,18316,170436
354,Lohardaga,111484.0,96759.0,14725.0,60475,5331,2710,648,7064,10382,66111,3345,16612
355,Purbi Singhbhum,604663.0,262537.0,342126.0,133894,88269,15228,7869,35706,276096,226144,23582,301727
356,Palamu,407904.0,355529.0,52375.0,223273,21003,22399,2829,26310,30535,245967,25291,53436
357,Latehar,160514.0,146377.0,14137.0,84899,5740,3221,707,10540,7889,91012,3853,17336
358,Hazaribagh,381748.0,312983.0,68765.0,151797,22762,10329,2063,29108,50543,175986,12598,74823
359,Ramgarh,252625.0,134067.0,118558.0,67168,47187,5095,4269,14748,71135,114945,9348,83114
360,Dumka,326978.0,303697.0,23281.0,194063,7800,18222,1165,18830,14947,202727,19292,32044
361,Jamtara,185668.0,165555.0,20113.0,103638,6738,8113,664,7285,12088,111030,8727,18196
362,Ranchi,730982.0,420740.0,310242.0,231407,98657,12623,12720,55538,245402,330404,25585,298972
363,Khunti,135719.0,67860.0,67860.0,39156,25923,2308,2036,2715,36577,76003,4615,11401
364,Gumla,233074.0,216629.0,16445.0,137127,6315,6283,823,13865,11265,143807,6993,24007
365,Simdega,155283.0,144169.0,11114.0,85925,4446,4181,445,7065,5935,90375,4659,12734
366,Pashchimi Singhbhum,400324.0,336928.0,63396.0,171497,23774,13478,2853,12467,37341,196159,16414,47239
367,Saraikela-Kharsawan,285687.0,217248.0,68439.0,116228,25049,7821,2327,13904,44144,141416,10285,57995
368,Bargarh,458961.0,411566.0,47395.0,275338,22134,34984,2228,50623,25689,298784,37176,73893
369,Jharsuguda,177186.0,103224.0,73962.0,73806,33653,6091,4142,9704,39644,109324,10277,46246
370,Sambalpur,315495.0,220697.0,94798.0,153826,39057,17215,4930,18980,56405,194661,22085,72249
371,Debagarh,98758.0,91408.0,7350.0,68556,4580,12249,405,5394,3771,73180,12740,9086
372,Sundargarh,618062.0,387911.0,230151.0,294425,107941,22499,10127,32585,150749,407921,32758,173058
373,Kendujhar,574298.0,490634.0,83664.0,343444,40829,42195,6443,45629,42502,384780,48816,86719
374,Mayurbhanj,753589.0,689110.0,64479.0,499605,28242,59264,5223,103367,41267,530527,64809,140168
375,Baleshwar,683594.0,601154.0,82440.0,373317,34790,69734,5936,136462,56060,410157,75879,187989
376,Bhadrak,428106.0,373862.0,54244.0,240394,28587,33274,4015,59818,28099,269707,37674,86050
377,Kendrapara,438243.0,414749.0,23494.0,236407,10479,31107,2068,65531,13580,247170,32869,78008
378,Jagatsinghapur,352732.0,309685.0,43047.0,177450,24623,21988,1593,68441,19286,202116,23634,86420
379,Cuttack,790297.0,579529.0,210768.0,318741,77142,58533,13490,129815,164400,398310,72708,286878
380,Jajapur,541139.0,495611.0,45528.0,286464,19532,72360,3187,98627,27864,306826,76301,123921
381,Dhenkanal,352369.0,315390.0,36979.0,206581,15458,36270,2811,44786,22114,223402,39466,64484
382,Anugul,414587.0,340410.0,74177.0,219225,28781,40850,4896,56849,47474,250411,46020,99916
383,Nayagarh,288334.0,261646.0,26688.0,168239,12944,31921,2029,41602,14892,181939,34024,54784
384,Khordha,688729.0,331834.0,356895.0,207065,130624,28206,18202,60726,273382,342299,47523,324392
385,Puri,474224.0,402014.0,72210.0,257691,33506,45026,4189,62715,52930,292122,49320,112866
386,Ganjam,1015394.0,795476.0,219918.0,490014,87748,75571,11436,151936,143607,579790,87324,289388
387,Gajapati,175145.0,152095.0,23050.0,101904,9382,8974,1153,19317,13070,111568,10159,31702
388,Kandhamal,242935.0,218446.0,24489.0,150291,11388,14418,1568,13763,13837,162038,16034,26966
389,Baudh,137954.0,131377.0,6577.0,98665,3690,6175,356,11824,3375,102500,6484,14900
390,Subarnapur,193502.0,176927.0,16575.0,130926,10178,12739,962,13978,6465,141257,13739,19931
391,Balangir,538962.0,476770.0,62192.0,327065,29169,33374,4230,48154,36134,357332,37728,81384
392,Nuapada,209127.0,197258.0,11869.0,143802,6255,9469,772,25052,5745,150363,10248,30324
393,Kalahandi,494748.0,456336.0,38412.0,320805,18361,42896,2651,37420,22587,340387,46012,57886
394,Rayagada,286548.0,237343.0,49205.0,165429,17616,13529,2116,15665,29770,185111,15761,42410
395,Nabarangapur,372264.0,342840.0,29424.0,237589,15124,15085,1442,19885,15713,252768,16380,34621
396,Koraput,460128.0,381789.0,78339.0,250836,30474,20235,4387,31307,50843,282519,24847,80063
397,Malkangiri,183723.0,167884.0,15839.0,112986,7239,12424,1331,10074,7556,120523,13780,17087
398,Koriya,181615.0,121852.0,59763.0,61536,22412,2681,777,10358,35440,84815,3451,42498
399,Surguja,65167.0,0.0,65167.0,0,19160,0,1043,0,39948,30759,1369,16357
400,Jashpur,20722.0,0.0,20722.0,0,7833,0,249,0,8745,8621,353,2943
401,Raigarh,420916.0,354278.0,66638.0,203356,25190,17006,2000,46057,38184,229821,19363,81237
402,Korba,332653.0,206598.0,126055.0,112390,37439,6612,2017,24586,73869,152356,8649,93476
403,Janjgir - Champa,440773.0,379583.0,61190.0,223954,26802,21257,2326,41755,27169,251682,23802,66998
404,Bilaspur,737806.0,549632.0,188174.0,324833,67931,28581,5834,91239,123631,396940,34677,205111
405,Kabeerdham,211179.0,187311.0,23868.0,114073,8760,11614,1218,16858,11815,123329,12882,27876
406,Rajnandgaon,390132.0,313604.0,76528.0,149590,25102,10663,1914,58017,40713,175170,12485,97533
407,Durg,883189.0,533448.0,349741.0,279527,103524,26673,7695,74683,218938,384188,34445,291453
408,Raipur,1068500.0,673499.0,395001.0,383895,118896,39737,11456,86882,256751,509675,52357,331235
409,Mahasamund,310567.0,274793.0,35774.0,164876,14739,12641,1467,41769,17923,180440,14287,58387
410,Dhamtari,210481.0,168689.0,41792.0,92948,16383,7085,1463,40823,22401,109661,8630,62513
411,Uttar Bastar Kanker,194069.0,169191.0,24878.0,78674,9404,5076,797,25041,15151,88496,5823,38232
412,Bastar,371319.0,316425.0,54894.0,165174,19433,10759,1592,43984,33486,185289,12254,75378
413,Narayanpur,33095.0,26916.0,6179.0,15504,3417,1185,136,1104,2732,18931,1357,3542
414,Dakshin Bastar Dantewada,137849.0,106545.0,31304.0,53380,11051,3410,908,7672,15590,65203,4412,21091
415,Bijapur,58391.0,50449.0,7942.0,28504,4861,2119,247,1363,2232,33283,2395,3270
416,Sheopur,176522.0,150146.0,26376.0,90689,10709,7958,845,8709,15088,101677,8827,22772
417,Morena,414586.0,319298.0,95288.0,170825,34018,16604,2002,21393,70323,206050,18657,86649
418,Bhind,359596.0,271211.0,88385.0,139945,35973,12476,2210,25223,59484,176203,14744,82708
419,Gwalior,444892.0,172720.0,272172.0,83079,73215,7773,5444,29881,236790,156602,13347,266046
420,Datia,203854.0,160453.0,43401.0,74932,15104,4333,1303,18132,27387,90104,5708,45052
421,Shivpuri,434618.0,367859.0,66759.0,199748,21030,15451,1870,20601,43861,221221,17385,63455
422,Tikamgarh,382992.0,322772.0,60220.0,144280,19813,9361,1626,12589,27220,164304,10724,39066
423,Chhatarpur,470917.0,375869.0,95048.0,169893,27659,9773,1521,19546,55033,198257,11303,72051
424,Panna,288923.0,256744.0,32179.0,121954,11585,7703,741,12838,17313,133772,8379,29471
425,Sagar,613915.0,448408.0,165507.0,231379,53128,21076,4138,50222,107084,285471,25171,154093
426,Damoh,369901.0,303387.0,66514.0,164133,22682,15170,1929,17900,37381,187540,17016,53266
427,Satna,576004.0,461831.0,114173.0,181038,26717,10161,2626,105298,69075,209090,12673,171650
428,Rewa,618399.0,523910.0,94489.0,181797,20599,11003,2268,93256,56221,203454,13605,144706
429,Umaria,168066.0,138100.0,29966.0,65184,8481,5801,630,8010,16542,74286,6555,23026
430,Neemuch,242197.0,174235.0,67962.0,80671,18758,4879,952,23000,43224,100512,5813,63698
431,Mandsaur,384119.0,302287.0,81832.0,150237,24141,6953,1392,40205,55810,175927,8451,92189
432,Ratlam,373867.0,266716.0,107151.0,153896,29467,9336,1501,35740,88722,184317,10843,122629
433,Ujjain,489449.0,300765.0,188684.0,165120,56794,11430,3585,53837,157740,222210,15173,210464
434,Shajapur,386608.0,312611.0,73997.0,177251,23754,13755,1776,41890,49356,201810,15465,89307
435,Dewas,376009.0,274995.0,101014.0,134748,30810,17050,2627,59674,78084,165068,19553,139124
436,Dhar,515712.0,412348.0,103364.0,232977,31733,19381,3101,79171,78971,266108,22692,155230
437,Indore,788318.0,200371.0,587947.0,82954,136992,9218,15875,83154,530917,219153,25227,615677
438,Khargone (West Nimar),460163.0,383543.0,76620.0,218236,22603,24164,2452,49861,56546,242506,26690,103077
439,Barwani,299270.0,250358.0,48912.0,150716,18294,13019,2006,25787,32331,169687,14964,56563
440,Rajgarh,401717.0,331894.0,69823.0,200464,24927,21574,2235,25888,42593,227372,24104,63874
441,Vidisha,376409.0,292579.0,83830.0,132246,25652,8778,1761,33647,59939,158092,10540,92974
442,Bhopal,700719.0,118893.0,581826.0,55405,175130,5113,15128,25562,488153,232639,20321,505920
443,Sehore,329647.0,270427.0,59220.0,117907,18536,17849,1481,58683,46844,136474,19450,105158
444,Raisen,325713.0,251272.0,74441.0,116591,27097,18092,2978,46486,53598,144291,21172,98040
445,Betul,406649.0,318945.0,87704.0,145439,26575,15310,2632,41144,62797,172826,17893,100849
446,Harda,144559.0,112714.0,31845.0,47566,8439,8679,1402,43170,25254,56379,10120,67365
447,Hoshangabad,315396.0,209650.0,105746.0,92037,30350,21385,3596,70862,85232,123636,25548,152337
448,Katni,349031.0,276151.0,72880.0,128411,20844,12151,1750,23749,47956,150433,13962,67713
449,Jabalpur,624761.0,272284.0,352477.0,125796,103629,15521,10222,72973,282687,231787,26240,347992
450,Narsimhapur,283718.0,230659.0,53059.0,112793,17881,22605,3131,63432,38097,131362,26103,99869
451,Dindori,227795.0,218021.0,9774.0,111627,3685,5887,538,8067,5406,115265,6379,13440
452,Mandla,316932.0,279674.0,37258.0,120820,10656,12026,1491,18739,24255,131527,13629,42152
453,Chhindwara,553944.0,413142.0,140802.0,207811,47169,21071,5210,50817,93352,255923,26036,141256
454,Seoni,382587.0,335045.0,47542.0,151106,13170,16418,1664,50927,35134,164895,18365,83404
455,Balaghat,470867.0,400074.0,70793.0,153229,20814,21604,2407,46809,44671,174692,24015,87582
456,Guna,285085.0,212765.0,72320.0,104681,24300,6171,2387,15745,43103,129429,8553,56447
457,Ashoknagar,206741.0,169606.0,37135.0,74627,14038,4580,632,11873,20908,88692,5169,31839
458,Shahdol,291440.0,233594.0,57846.0,103249,16892,6775,1562,17754,36848,120948,8452,51002
459,Anuppur,207713.0,103857.0,103857.0,38220,25965,1974,2285,4570,59095,70207,4155,36766
460,Sidhi,276869.0,250953.0,25916.0,95865,6946,4769,389,10290,12699,103273,5261,20766
461,Singrauli,287325.0,228732.0,58593.0,101558,15879,4346,1524,5033,30527,118378,5747,32468
462,Jhabua,235793.0,211080.0,24713.0,132137,6302,10766,445,12243,18980,140297,11319,27588
463,Alirajpur,150528.0,135866.0,14662.0,84373,4370,5435,382,6794,11041,89565,5871,15806
464,Khandwa (East Nimar),329088.0,265663.0,63425.0,139208,19726,21254,2791,46226,43954,159608,24353,88525
465,Burhanpur,178840.0,115979.0,62861.0,56134,26214,7423,2452,21457,43123,82625,10016,62773
466,Kachchh,739275.0,488293.0,250982.0,124027,53711,5372,2510,240241,220614,176687,8133,465744
467,Banas Kantha,804197.0,666773.0,137424.0,258708,32707,26671,2062,114019,107191,294337,28952,209092
468,Patan,404138.0,301483.0,102655.0,112454,26178,11457,1540,108233,84588,140236,13337,186308
469,Mahesana,659743.0,476005.0,183738.0,156130,40055,12377,2389,211347,156178,197923,14515,360880
470,Sabar Kantha,665533.0,544024.0,121509.0,223594,32929,11425,1945,169192,93198,258893,13311,254234
471,Gandhinagar,433258.0,237624.0,195634.0,86971,47735,5466,2544,101704,158073,135177,7799,258222
472,Ahmadabad,2198552.0,353169.0,1845383.0,143034,441047,7064,11073,116193,1699598,580418,17589,1824799
473,Surendranagar,500598.0,340788.0,159810.0,124047,38035,7839,2238,70884,111867,163696,10012,176712
474,Rajkot,1181006.0,459474.0,721532.0,130491,158016,6893,7937,202169,624126,289347,14173,819619
475,Jamnagar,646325.0,347158.0,299167.0,104495,68809,5555,2992,120811,250702,173216,8403,369698
476,Porbandar,183572.0,96015.0,87557.0,29189,21540,2209,1139,37542,67770,50666,3305,106289
477,Junagadh,776743.0,489237.0,287506.0,159981,68714,8318,4026,225050,246393,230693,12428,462939
478,Amreli,430613.0,313714.0,116899.0,90664,28875,5334,1169,163445,91649,119711,6460,253201
479,Bhavnagar,744077.0,387251.0,356826.0,128568,91705,5809,3926,124308,291171,222480,9674,401058
480,Anand,621987.0,413078.0,208909.0,170602,54526,8675,2716,170602,173395,228270,11818,335873
481,Kheda,622026.0,461479.0,160547.0,194745,40137,11537,2409,117216,126030,238236,14307,232016
482,Panch Mahals,567601.0,463363.0,104238.0,233535,25435,12048,1147,78772,87665,263935,13623,154388
483,Dohad,376504.0,323697.0,52807.0,192600,12463,6798,581,19746,37916,209713,7531,49323
484,Vadodara,1240425.0,547454.0,692971.0,251829,137902,10950,5544,156025,636841,400658,17366,765343
485,Narmada,160369.0,138121.0,22248.0,60636,7498,1796,423,22100,16620,68638,2246,35763
486,Bharuch,481996.0,300677.0,181319.0,114859,36627,4511,1088,137711,162100,153757,5784,294982
487,The Dangs,59618.0,52102.0,7516.0,18914,2015,574,53,13182,4345,21105,597,16932
488,Navsari,409156.0,267739.0,141417.0,92370,28284,3749,1273,119144,121195,122747,4910,234038
489,Valsad,498391.0,262410.0,235981.0,104177,58052,3412,2124,72426,179346,167460,5483,235241
490,Surat,1899838.0,369840.0,1529998.0,114281,302940,4439,7650,184551,1435139,419865,11400,1612963
491,Tapi,218489.0,192272.0,26217.0,69795,7813,1923,210,44223,20319,78001,2185,61396
492,Diu,18850.0,9788.0,9062.0,1244,970,30,19,4239,6770,2206,38,11084
493,Daman,71079.0,10006.0,61073.0,2642,22659,91,367,5734,53012,25234,427,58570
494,Nandurbar,405012.0,333440.0,71572.0,163053,20900,13005,2362,74358,45449,185901,15391,116239
495,Dhule,528790.0,382777.0,146013.0,143159,33145,13015,2337,71580,95347,177145,15864,164983
496,Jalgaon,1169788.0,796223.0,373565.0,309731,101237,43793,6351,179947,242444,412936,50301,415275
497,Buldana,728192.0,575405.0,152787.0,269865,52559,38553,5348,167443,93048,323318,44420,257052
498,Akola,504235.0,308158.0,196077.0,146376,66275,21880,7255,95221,141764,214300,29750,232453
499,Washim,330846.0,274925.0,55921.0,127291,19964,18420,1454,75605,37635,147558,19851,111826
500,Amravati,781815.0,508921.0,272894.0,226979,85416,33589,7914,209167,214495,314290,42219,419835
501,Wardha,388704.0,268486.0,120218.0,117329,28853,25507,4449,126726,94251,146542,29931,220396
502,Nagpur,1308366.0,430844.0,877522.0,168030,207973,35761,24571,198620,789770,375502,60185,990434
503,Bhandara,356418.0,283843.0,72575.0,123756,18144,22992,2468,158385,61181,142924,25663,218128
504,Gondiya,386515.0,319702.0,66813.0,128840,18040,16625,2205,151859,51647,147263,18940,202534
505,Gadchiroli,330840.0,293586.0,37254.0,125068,10059,25542,1491,65177,24551,135314,26799,89327
506,Chandrapur,684655.0,451324.0,233331.0,186397,58800,50549,7934,131336,167299,245792,58881,296456
507,Yavatmal,798132.0,629243.0,168889.0,295115,49485,50969,6587,137175,115183,346390,58264,247421
508,Nanded,821682.0,591119.0,230563.0,302653,80698,46108,9223,113495,168773,386191,55875,271977
509,Hingoli,284369.0,242456.0,41913.0,113227,16221,14548,1300,65221,27537,129673,15925,92136
510,Parbhani,427239.0,293480.0,133759.0,138817,47886,24359,5886,39033,89485,187986,30762,123045
511,Jalna,502830.0,404746.0,98084.0,165946,35801,27928,3041,118186,68855,202138,31176,183533
512,Aurangabad,979132.0,551789.0,427343.0,219061,96580,44144,5983,109255,373498,316260,50915,478796
513,Nashik,1668932.0,904661.0,764271.0,312109,185718,50662,19107,265066,528112,500680,70096,781061
514,Thane,3618151.0,713994.0,2904157.0,262750,630203,41412,31946,283456,2163597,904538,75982,2424162
515,Mumbai Suburban,3078829.0,0.0,3078829.0,,834363,,43104,,1684120,834363,43104,1684120
516,Mumbai,1107321.0,0.0,1107321.0,,290119,,16610,,741906,290119,16610,741906
517,Raigarh,959028.0,581868.0,377160.0,164669,66758,20948,4149,296171,305500,234003,24935,594598
518,Pune,3222457.0,1165718.0,2056739.0,278607,429859,57121,26738,720414,1655675,708941,83784,2378174
519,Ahmadnagar,1323404.0,1041393.0,282011.0,318667,65145,77064,7051,407185,207561,385111,84698,610090
520,Bid,698571.0,563114.0,135457.0,230877,41721,45050,3929,86720,93601,273840,49599,175342
521,Latur,585632.0,428616.0,157016.0,171876,48047,24432,4083,106297,122316,221369,28696,220198
522,Osmanabad,444990.0,367158.0,77832.0,140255,24595,22764,2180,81510,44987,165537,24920,123263
523,Solapur,1156231.0,779929.0,376302.0,230859,115902,60835,7150,250358,229168,346870,68218,477524
524,Satara,975471.0,774522.0,200949.0,215318,41597,41050,5426,542940,151516,257525,46823,693560
525,Ratnagiri,639362.0,538538.0,100824.0,154561,16737,22081,1916,361898,82676,171989,24296,443718
526,Sindhudurg,340836.0,295847.0,44989.0,81654,10708,13609,1350,220111,39051,92708,14997,258695
527,Kolhapur,1179314.0,796496.0,382818.0,193549,84986,15930,4594,592594,285966,278319,20049,878589
528,Sangli,853673.0,626872.0,226801.0,171763,57381,31971,5444,379258,175998,229639,37562,554034
529,Adilabad,817714.0,597466.0,220248.0,213296,51759,38836,6167,82451,155716,264940,44975,239591
530,Nizamabad,720298.0,565165.0,155133.0,179723,39404,24303,3413,166159,132639,218971,27372,299644
531,Karimnagar,1165280.0,877236.0,288044.0,284225,60490,44740,5185,300015,243110,346089,50108,538360
532,Medak,789132.0,593653.0,195479.0,205404,37923,26121,2346,188782,165376,244631,29198,348008
533,Hyderabad,1066289.0,0.0,1066289.0,,203662,,9597,,1050295,203662,9597,1050295
534,Rangareddy,1561322.0,432098.0,1129224.0,110185,182935,9507,7905,187963,1084056,293529,17175,1270917
535,Mahbubnagar,1010015.0,848963.0,161052.0,261481,30600,52636,2738,151965,125782,294925,56561,266644
536,Nalgonda,1030937.0,833504.0,197433.0,285059,47977,49177,3357,265888,160316,335055,53609,418561
537,Warangal,1046987.0,758738.0,288249.0,294391,68316,64493,8360,225346,237518,364352,73290,457534
538,Khammam,870625.0,669262.0,201363.0,226880,45509,34802,4430,250304,171965,272506,39179,419642
539,Srikakulam,902436.0,752752.0,149684.0,241634,32033,26347,2545,96353,98642,274341,28878,191317
540,Vizianagaram,749514.0,592458.0,157056.0,183070,31412,19552,2985,63394,104286,215111,22486,164894
541,Visakhapatnam,1379340.0,718847.0,660493.0,213498,112284,23004,7266,153834,551512,325525,30346,707602
542,East Godavari,1605841.0,1199479.0,406362.0,364642,84930,46780,6909,563756,354755,451242,52993,913724
543,West Godavari,1255628.0,1007255.0,248373.0,302177,52407,48349,5465,593274,220307,355343,53993,811136
544,Krishna,1476334.0,909292.0,567042.0,280062,113976,40009,9640,511023,527350,394182,50196,1039340
545,Guntur,1582990.0,1069877.0,513113.0,331662,112372,44935,9750,497493,442817,444821,55405,937131
546,Prakasam,1087575.0,873486.0,214089.0,260299,45387,36687,4282,244577,165705,306697,40241,407841
547,Sri Potti Sriramulu Nellore,953513.0,689137.0,264376.0,192270,43887,29633,5024,175730,208329,237425,35280,377592
548,Y.S.R.,884093.0,590589.0,293504.0,129339,54592,15356,3229,167728,232162,183892,18566,396074
549,Kurnool,1090835.0,783853.0,306982.0,211641,64467,25868,4298,216344,223176,275982,30544,439607
550,Anantapur,1244428.0,902997.0,341431.0,195951,71360,26187,4439,198660,260171,267553,31111,457950
551,Chittoor,395900.0,0.0,395900.0,0,58198,0,4751,0,322659,79972,11877,148067
552,Belgaum,1318975.0,962777.0,356198.0,370670,90831,45251,6768,178114,257888,462961,51441,432624
553,Bagalkot,490657.0,324799.0,165858.0,139339,54568,16890,6137,23386,70490,194301,23061,92244
554,Bijapur,527490.0,396449.0,131041.0,165320,36299,26959,3801,19823,77970,202029,31122,95476
555,Bidar,389403.0,287134.0,102269.0,162805,30681,14357,3069,25268,69646,195481,17524,90342
556,Raichur,455848.0,330446.0,125402.0,142753,38750,23462,4515,33045,63203,181884,28263,94361
557,Koppal,337649.0,272968.0,64681.0,107550,17270,14195,2394,32757,31306,125606,16545,62466
558,Gadag,291972.0,180066.0,111906.0,75268,39951,9184,3805,16567,47337,115621,13139,61899
559,Dharwad,483104.0,199707.0,283397.0,80682,82186,7789,5668,46133,232386,163290,13527,275370
560,Uttara Kannada,474792.0,334281.0,140511.0,160790,52411,21394,4497,169147,113252,213657,25639,281552
561,Haveri,413564.0,315076.0,98488.0,141470,29448,15754,2857,88852,68647,172043,18611,154260
562,Bellary,623480.0,371604.0,251876.0,148270,72541,20067,7557,44965,159942,221336,28057,202008
563,Chitradurga,447348.0,349704.0,97644.0,157367,30954,20633,1953,66794,72159,189229,22815,135547
564,Davanagere,530691.0,354680.0,176011.0,163508,54036,20572,4929,105695,142393,217584,25474,246241
565,Shimoga,554106.0,352444.0,201662.0,161420,64936,25729,6454,217811,176858,226630,32139,394524
566,Udupi,385389.0,269817.0,115572.0,93087,28893,11333,2428,225568,110950,122169,13875,336060
567,Chikmagalur,392426.0,311660.0,80766.0,141806,24634,17142,2343,168609,72205,165997,19229,241342
568,Tumkur,890242.0,685443.0,204799.0,280347,57139,39756,5120,125437,168960,339183,45403,289329
569,Bangalore,3267960.0,300576.0,2967384.0,86566,590510,7515,32642,224831,2872428,676468,39216,3098027
570,Mandya,562302.0,458867.0,103435.0,202820,31962,20650,3207,126189,88851,235605,24179,210864
571,Hassan,628981.0,496103.0,132878.0,241603,39465,30759,3190,132460,119458,281784,33965,250964
572,Dakshina Kannada,650292.0,332919.0,317373.0,135831,83470,12319,5078,293302,309757,219799,17558,602821
573,Kodagu,212974.0,181182.0,31792.0,72473,10619,8335,1018,142772,30839,83060,9371,173361
574,Mysore,920982.0,540596.0,380386.0,259487,108411,28652,8369,145961,358324,367472,36840,506541
575,Chamarajanagar,319880.0,262680.0,57200.0,124773,21393,18388,2574,40453,36780,146506,21113,75172
576,Gulbarga,600007.0,400704.0,199303.0,173906,57400,14827,2990,18032,135925,231603,18001,153002
577,Yadgir,262995.0,207787.0,55208.0,106387,18992,11429,1602,8935,22194,126238,13150,29456
578,Kolar,477609.0,326567.0,151042.0,133566,47730,16655,2417,83275,121136,181492,19105,204417
579,Chikkaballapura,409702.0,315649.0,94053.0,120894,26241,15467,1505,72600,79287,147493,17208,149542
580,Bangalore Rural,326462.0,231052.0,95410.0,84334,27765,8549,1622,174445,87110,112303,10121,260844
581,Ramanagara,351784.0,266950.0,84834.0,116124,29014,18153,2715,74746,75079,145287,21108,147398
582,North Goa,325089.0,115859.0,209230.0,26648,41010,2086,2302,79596,178474,68269,4552,255846
583,South Goa,251493.0,88620.0,162873.0,20738,39742,1773,2444,65402,138768,60610,4276,203710
584,Kasaragod,417805.0,251641.0,166164.0,80274,30741,19125,4487,223458,160515,111972,24233,383545
585,Kannur,872479.0,306288.0,566191.0,95256,109842,18990,11891,294956,557699,206778,31410,851540
586,Wayanad,277988.0,266183.0,11805.0,94229,4722,23957,650,244090,11251,98686,24741,255193
587,Kozhikode,990336.0,323793.0,666543.0,87748,128643,21371,23996,314080,654546,216884,45556,968549
588,Malappuram,1157129.0,634543.0,522586.0,175134,111311,26651,13065,612334,514748,286968,39343,1127044
589,Palakkad,894341.0,665899.0,228442.0,235729,64193,35959,7539,587323,216792,300499,43823,803119
590,Thrissur,1051867.0,336748.0,715119.0,118536,203809,17175,29320,326309,702962,322924,46283,1028726
591,Ernakulam,1174691.0,369694.0,804997.0,109430,179515,18485,24955,358234,791313,288974,43464,1150023
592,Idukki,412433.0,391610.0,20823.0,172701,4894,32504,292,347359,20678,178172,32995,367478
593,Kottayam,678161.0,481967.0,196194.0,168689,51992,22171,5102,462689,192663,220403,27805,655104
594,Alappuzha,723536.0,331419.0,392117.0,99095,104696,25520,25488,301260,371335,204038,50648,672165
595,Pathanamthitta,472840.0,414992.0,57848.0,125328,13710,20335,1620,388848,55535,139488,22224,443997
596,Kollam,925130.0,523715.0,401415.0,156591,97946,39279,22078,487055,386965,254411,61059,874248
597,Thiruvananthapuram,1169117.0,559293.0,609824.0,191279,157945,57048,37200,513991,587261,348397,93530,1101309
598,Thiruvallur,1119433.0,387237.0,732196.0,125465,132528,12779,7322,109589,650191,258590,20150,760096
599,Chennai,1314125.0,0.0,1314125.0,,228658,,11828,,1256304,228658,11828,1256304
600,Kancheepuram,1213504.0,438799.0,774705.0,139100,136349,10093,6198,128569,663148,274252,15776,794846
601,Vellore,1140300.0,653499.0,486801.0,181673,102229,15031,7303,125472,346603,283935,22806,468664
602,Tiruvannamalai,710163.0,563102.0,147061.0,163300,27501,12952,1912,70388,95737,191745,14914,161918
603,Viluppuram,967314.0,808042.0,159272.0,290896,37907,16161,2390,106662,104483,330822,18379,204104
604,Salem,1170352.0,572813.0,597539.0,184446,145800,13175,7769,83631,328049,331210,21067,409624
605,Namakkal,627484.0,370357.0,257127.0,94071,62482,6667,3086,115552,140392,156244,10040,255386
606,Erode,843684.0,411286.0,432398.0,117628,102911,8226,4757,138604,275870,221046,12656,413406
607,The Nilgiris,264105.0,112126.0,151979.0,38796,55321,2355,2888,47430,89516,94022,5283,137071
608,Dindigul,713542.0,443818.0,269724.0,139803,69859,7989,3777,83882,154822,209782,11417,237610
609,Karur,364661.0,212241.0,152420.0,61550,30637,4670,1372,48816,102274,92260,5835,150241
610,Tiruchirappalli,875727.0,452707.0,423020.0,134907,90527,10865,5077,108650,313881,225062,15764,424728
611,Perambalur,188592.0,155413.0,33179.0,46935,5608,3420,299,24245,18315,52806,3772,41868
612,Ariyalur,254277.0,223955.0,30322.0,84879,8400,7615,607,31802,15556,93574,8137,46025
613,Cuddalore,758209.0,497429.0,260780.0,193500,68846,11939,3912,98989,178896,263857,15923,273714
614,Nagapattinam,517740.0,399016.0,118724.0,178361,36805,12769,2850,124493,82751,215898,15533,204508
615,Thiruvarur,408179.0,321331.0,86848.0,143957,24231,13175,1477,101220,63226,168987,15103,162048
616,Thanjavur,753372.0,479070.0,274302.0,206480,78725,21559,5487,137973,205178,286282,27122,339771
617,Pudukkottai,503941.0,399712.0,104229.0,157887,26162,16788,1668,70750,72231,184443,18646,141104
618,Sivaganga,452417.0,309224.0,143193.0,98025,31503,9277,2005,73905,112407,130297,11311,184134
619,Madurai,1010441.0,417718.0,592723.0,134088,102542,8773,4742,86468,502630,234423,13136,598182
620,Theni,410623.0,189328.0,221295.0,66644,66168,3976,2877,46954,115074,133042,6570,161375
621,Virudhunagar,734724.0,363782.0,370942.0,98222,71592,6185,3339,53113,173972,169722,9552,227030
622,Ramanathapuram,417239.0,290478.0,126761.0,99925,31818,8715,2029,65358,89494,131848,10849,152710
623,Thoothukkudi,636739.0,336078.0,300661.0,112587,69754,6722,3909,94774,219784,181471,10188,318370
624,Tirunelveli,1064667.0,547962.0,516705.0,166033,129693,8768,5684,181924,325008,295978,14906,506782
625,Kanniyakumari,598041.0,104253.0,493788.0,37115,162951,2815,14814,86635,436509,199746,17344,523286
626,Dharmapuri,487926.0,396819.0,91107.0,131348,20955,9921,1458,42460,53754,153209,11223,92706
627,Krishnagiri,580540.0,437988.0,142552.0,143223,26088,9636,856,84094,111619,170679,10450,191579
628,Coimbatore,1169752.0,284795.0,884957.0,78034,213275,4557,7080,94837,689382,291269,11698,780225
629,Tiruppur,894908.0,356886.0,538022.0,98501,126974,6068,3767,110278,403517,226412,9844,511888
630,Yanam,15519.0,0.0,15519.0,,2390,,109,,12711,2390,109,12711
631,Mahe,12110.0,0.0,12110.0,,1914,,134,,11844,1914,134,11844
632,Karaikal,69333.0,35618.0,33715.0,13108,7081,748,405,16955,25084,20246,1110,42016
633,Nicobars,15958.0,15958.0,0.0,3799,,192,,12911,,3799,192,12911
634,South Andaman,85532.0,34901.0,50631.0,11692,10836,1222,608,22581,44455,22581,1882,66972
