,District,Households_Rural,Households_Rural_Livable,Households_Rural_Dilapidated,Households_Rural_Toilet_Premise,Households_Urban,Households_Urban_Livable,Households_Urban_Dilapidated,Households_Urban_Toilet_Premise
0,Kupwara,158438.0,92053,13151,77477,23226.0,11497,1115,16305
1,Badgam,160649.0,74381,6266,133821,27190.0,9191,707,24580
2,Leh(Ladakh),36920.0,19014,776,32527,17474.0,9541,193,16741
3,Kargil,40370.0,29592,1413,39079,7774.0,5349,94,7580
4,Punch,132139.0,78623,3172,18104,15269.0,4169,123,11498
5,Rajouri,196070.0,103722,5294,20000,17508.0,3257,298,14970
6,Kathua,181374.0,66565,6349,25756,33473.0,9038,1038,22461
7,Baramula,210543.0,97061,11159,156434,48932.0,16637,2447,45263
8,Bandipore,80521.0,43240,5959,56446,17555.0,5443,755,16555
9,Srinagar,4518.0,1735,285,4008,257721.0,59792,5670,252825
10,Ganderbal,63788.0,30236,6060,44333,13558.0,2983,611,12379
11,Pulwama,147520.0,63434,6786,92496,21703.0,9203,652,19772
12,Shupiyan,75616.0,25105,4462,44614,5272.0,1814,174,4998
13,Anantnag,207067.0,89661,10561,105191,70666.0,20140,2191,53353
14,Kulgam,95952.0,47017,4510,40012,25178.0,10575,1058,14730
15,Doda,122267.0,73361,1957,29345,11350.0,2690,330,10601
16,Ramban,84281.0,43405,1770,15003,5341.0,1031,129,4418
17,Kishtwar,72378.0,37637,2461,14476,5993.0,810,42,5598
18,Udhampur,148664.0,66453,2974,11002,34696.0,5899,625,26057
19,Reasi,95572.0,52470,1434,8602,12261.0,4844,135,9662
20,Jammu,254566.0,97754,12474,62624,248043.0,56058,8434,210589
21,Samba,94247.0,28746,3111,24505,19989.0,3559,220,14133
22,Chamba,186395.0,70831,4288,90961,13836.0,2574,97,12038
23,Kangra,588321.0,148846,8237,378879,39007.0,7412,625,32103
24,Kullu,167995.0,46199,2016,91054,20709.0,3190,270,18763
25,Mandi,431129.0,120717,6899,353526,31696.0,5484,222,29161
26,Hamirpur,196116.0,42362,1962,174740,15232.0,2620,92,14060
27,Una,185091.0,46829,2592,108834,20126.0,4911,967,15014
28,Bilaspur,152458.0,41012,1982,104892,11987.0,2026,96,11208
29,Solan,192787.0,47233,3663,133024,51509.0,9633,722,46256
30,Sirmaur,171102.0,52871,4791,97358,21054.0,4148,211,20233
31,Shimla,279269.0,68142,6424,167003,95896.0,17358,1247,86978
32,Kinnaur,44514.0,13043,446,30804,0.0,,,
33,Gurdaspur,420860.0,207905,37878,210851,185488.0,76236,9646,158778
34,Kapurthala,165433.0,68490,10092,128046,95770.0,30647,3927,90120
35,Jalandhar,330339.0,154269,20482,251058,377791.0,143939,18134,361924
36,Hoshiarpur,422673.0,173296,27474,240924,128592.0,44108,6302,114319
37,Shahid Bhagat Singh Nagar,183168.0,73451,9892,122357,48383.0,17418,3145,41174
38,Fatehgarh Sahib,117559.0,45966,7524,96987,57337.0,20240,2581,53840
39,Ludhiana,395032.0,178160,28048,345653,641789.0,262492,31448,621894
40,Moga,214295.0,96862,15858,183008,74144.0,25803,4968,70215
41,Firozpur,348522.0,177398,37641,232116,153868.0,63240,10925,139559
42,Muktsar,149507.0,78940,15998,108094,74650.0,30084,6794,67036
43,Faridkot,99946.0,48974,7696,80057,58917.0,23803,4773,54675
44,Bathinda,218159.0,111480,16144,183909,137563.0,44571,7429,128072
45,Mansa,145603.0,67706,10484,91585,50786.0,17319,2997,43169
46,Patiala,299279.0,143654,21249,231343,218090.0,70225,9160,211330
47,Amritsar,275477.0,152064,21488,167491,385476.0,163828,20816,360035
48,Tarn Taran,222717.0,124054,18041,144321,44457.0,19384,3157,38989
49,Rupnagar,148162.0,52746,8890,84305,60537.0,16709,3027,55513
50,Sahibzada Ajit Singh Nagar,117293.0,50671,8563,71197,174042.0,41248,6614,160815
51,Sangrur,292156.0,133516,17822,229635,156788.0,53936,7370,144245
52,Barnala,102577.0,50981,6668,82267,54222.0,22232,3200,48909
53,Chandigarh,8911.0,4180,250,7842,289456.0,76996,10131,253564
54,Uttarkashi,112148.0,30280,3365,44299,9061.0,1441,73,8291
55,Chamoli,163434.0,42984,4086,76814,22906.0,2658,207,20043
56,Rudraprayag,112705.0,22316,2142,57480,4454.0,433,14,4080
57,Tehri Garhwal,227059.0,62669,6358,113757,27177.0,2881,191,26063
58,Dehradun,228245.0,60942,8902,170271,269393.0,54957,6466,256463
59,Garhwal,279682.0,70201,5035,135087,36780.0,5297,405,34831
60,Pithoragarh,183687.0,46657,4225,88170,26256.0,2600,132,25338
61,Bageshwar,96031.0,24104,2785,51377,3880.0,354,35,3492
62,Almora,260056.0,62674,4421,134189,21082.0,3057,275,19375
63,Champawat,85202.0,34337,5113,34422,12839.0,3608,758,10259
64,Nainital,193086.0,61209,9848,134002,105577.0,20905,3168,100087
65,Udham Singh Nagar,269406.0,123658,18051,153293,145253.0,52873,5811,133633
66,Hardwar,301828.0,145783,15997,151518,186183.0,47105,4097,172406
67,Panchkula,70895.0,24956,3474,31194,93656.0,21260,4402,82043
68,Ambala,175365.0,77512,7541,89612,139891.0,39730,4617,124923
69,Yamunanagar,214464.0,101013,13726,98654,143259.0,48565,5731,131656
70,Kurukshetra,203553.0,93635,8753,140656,88268.0,26128,3090,81560
71,Kaithal,231091.0,112080,11093,133340,75696.0,27932,3104,62601
72,Karnal,292682.0,139024,14342,200780,135920.0,39825,3534,124503
73,Panipat,173502.0,82587,7288,115726,153804.0,59984,4461,145960
74,Sonipat,283858.0,142497,13342,159529,133576.0,47554,4542,123158
75,Jind,278335.0,142230,13917,142786,89665.0,30397,2511,78547
76,Fatehabad,203020.0,94202,11573,148002,55360.0,18712,2713,50323
77,Sirsa,245476.0,102364,14484,214792,93316.0,30795,3826,89491
78,Hisar,302013.0,140437,16611,188759,154113.0,49625,5086,137932
79,Bhiwani,357047.0,163885,18924,175668,99235.0,41282,4367,86136
80,Rohtak,175203.0,86376,8235,102319,131739.0,43870,3557,121332
81,Jhajjar,211816.0,95530,10379,123913,78328.0,32037,3525,71827
82,Mahendragarh,223726.0,94189,6936,87254,44216.0,16449,1239,34135
83,Rewari,199449.0,83171,6582,99326,69305.0,21485,1664,60850
84,Gurgaon,141703.0,55690,4535,92958,381988.0,104665,14898,350283
85,Mewat,187398.0,109441,16866,33357,36237.0,14930,1740,22649
86,Faridabad,87700.0,37887,3772,51393,382981.0,149746,9192,341620
87,Palwal,186069.0,95082,11723,59729,63090.0,22839,2272,52239
88,North West,67592.0,31498,3042,43327,959275.0,329991,31657,824018
89,North,4512.0,1142,41,4422,296559.0,110024,10380,266607
90,North East,5326.0,1939,150,5060,482255.0,171683,9646,458625
91,East,1086.0,73,14,1066,461132.0,111594,8762,430698
92,New Delhi,0.0,,,,52664.0,15168,1949,41026
93,Central,0.0,,,,194897.0,76595,6237,176967
94,West,1809.0,874,33,1576,699703.0,201515,19592,629033
95,South West,41179.0,14619,1359,36114,606503.0,168002,15770,553131
96,South,2918.0,1206,135,2644,728145.0,220628,21117,640768
97,Ganganagar,397697.0,167431,9943,323328,164897.0,53097,5442,154344
98,Hanumangarh,389059.0,143174,9338,320196,108694.0,35000,3370,102064
99,Bikaner,335754.0,169892,16452,99048,196179.0,53557,3336,181662
100,Churu,344897.0,135200,20005,162102,148996.0,45295,3278,130372
101,Jhunjhunun,500452.0,122111,12011,228707,150357.0,38191,2707,124045
102,Alwar,782294.0,309007,28163,115780,212967.0,61335,3408,168883
103,Bharatpur,0.0,0,0,0,129697.0,54473,3113,90140
104,Dhaulpur,214670.0,125368,14169,10305,58626.0,23334,2052,36818
105,Karauli,305047.0,190350,17083,25014,59308.0,24613,1839,37009
106,Sawai Madhopur,282057.0,155696,12411,24822,71264.0,24800,1853,51453
107,Dausa,361084.0,170071,19138,33581,59610.0,15976,835,45900
108,Jaipur,754841.0,321563,31704,166066,977838.0,264995,11735,886900
109,Sikar,527560.0,165654,14772,212080,178274.0,47956,2853,150999
110,Nagaur,675712.0,313531,42570,179064,166489.0,53277,3996,134191
111,Jodhpur,584215.0,289187,30380,80038,307442.0,79321,5227,277006
112,Jaisalmer,159117.0,89265,5092,26573,30830.0,12456,525,20502
113,Barmer,542825.0,322439,28770,52655,55980.0,16235,1400,46352
114,Jalor,419216.0,218412,35215,47372,48202.0,17594,1929,29838
115,Sirohi,238535.0,121176,16459,38643,69639.0,18664,1324,47494
116,Pali,512909.0,256968,27698,95914,139808.0,46417,3496,96608
117,Ajmer,409335.0,204259,13918,57717,274919.0,76703,3025,236981
118,Tonk,298911.0,161711,5680,20625,81755.0,29678,2044,53714
119,Bundi,239836.0,135028,8155,19907,63452.0,21320,1270,40737
120,Bhilwara,530015.0,294159,19081,55652,145865.0,43906,1897,108962
121,Rajsamand,304622.0,166324,12795,34423,61054.0,18866,611,43593
122,Dungarpur,322816.0,200469,20015,29377,31547.0,8077,663,23377
123,Banswara,390437.0,267840,35530,26941,39407.0,9261,907,32511
124,Chittaurgarh,366780.0,201363,13205,35211,88873.0,23818,1600,64433
125,Kota,203454.0,94200,5697,25025,311735.0,91339,5923,239413
126,Baran,249184.0,126337,7725,18689,69804.0,24362,1397,39998
127,Jhalawar,298624.0,178279,12841,21501,63763.0,19129,1340,42658
128,Udaipur,665449.0,399935,25288,61887,182769.0,40210,2194,157547
129,Pratapgarh,209813.0,132602,5246,13009,24269.0,5825,340,17013
130,Saharanpur,605082.0,281364,34490,259581,284156.0,105991,8809,261424
131,Muzaffarnagar,673746.0,338221,30993,369887,296104.0,118442,9476,274193
132,Bijnor,683875.0,359719,37614,344673,224648.0,95925,7189,207575
133,Moradabad,692398.0,439673,41544,330967,355518.0,164250,11377,332765
134,Rampur,396775.0,257507,24601,223782,143217.0,69461,5586,135054
135,Jyotiba Phule Nagar,335888.0,203213,19818,135363,115486.0,58552,4620,106248
136,Meerut,381520.0,190379,15643,202588,422303.0,151607,8869,392320
137,Baghpat,246055.0,128687,7874,144681,69991.0,32546,2170,60543
138,Ghaziabad,355407.0,180192,12795,212534,836316.0,285184,15054,792828
139,Gautam Buddha Nagar,170835.0,72264,4101,88322,338935.0,95241,4407,310126
140,Bulandshahr,658449.0,370707,28314,203461,221628.0,95965,6206,188384
141,Aligarh,582117.0,330061,25032,124574,275942.0,117000,7451,232896
142,Mahamaya Nagar,288150.0,158771,12103,47545,84883.0,39386,2717,61710
143,Mathura,407488.0,217192,16300,79868,177802.0,72010,4090,144376
144,Agra,496971.0,262898,21370,82498,406852.0,155418,7731,333619
145,Firozabad,349747.0,201455,23434,39872,185621.0,96709,7425,152395
146,Mainpuri,338475.0,180746,25386,45695,72783.0,30278,3203,54879
147,Budaun,710956.0,464966,57588,149301,156668.0,81155,9871,121418
148,Bareilly,631613.0,397917,48635,282963,362798.0,169064,14512,334863
149,Pilibhit,371752.0,233089,34202,131972,89638.0,40875,7530,79599
150,Shahjahanpur,520289.0,319978,62435,140479,134714.0,66953,11047,115720
151,Kheri,754938.0,483161,83799,138154,107672.0,49314,9583,82047
152,Sitapur,827583.0,512274,100138,98483,111319.0,47200,9463,80150
153,Hardoi,786613.0,490060,65289,136871,121064.0,56174,7991,89588
154,Unnao,596317.0,351828,43532,94219,121039.0,53500,6173,86785
155,Lucknow,344155.0,196857,28565,73994,717566.0,223164,29421,629306
156,Rae Bareli,705025.0,390584,54992,94474,73393.0,25028,3817,52183
157,Farrukhabad,316647.0,188722,27232,75679,94843.0,43344,4458,77487
158,Kannauj,299785.0,174775,26382,65054,65985.0,28572,3894,49885
159,Etawah,265643.0,145307,20721,52598,85483.0,34621,3591,71293
160,Auraiya,255836.0,141222,23026,52191,58438.0,22558,2338,43946
161,Kanpur Dehat,363933.0,206714,30571,83705,41323.0,16323,2439,27398
162,Kanpur Nagar,364869.0,214543,25176,86110,684906.0,265059,32876,583540
163,Jalaun,304856.0,174683,8841,86275,91565.0,37634,3205,69224
164,Jhansi,309592.0,146747,6192,64086,195321.0,64261,3712,139850
165,Lalitpur,258013.0,136231,6967,30962,43819.0,15863,1140,27563
166,Hamirpur,256081.0,129321,3842,64021,55300.0,20517,885,37992
167,Mahoba,198298.0,100538,3372,35298,48525.0,23632,777,26544
168,Banda,378056.0,199992,4159,75612,67569.0,23785,1149,49664
169,Chitrakoot,207237.0,108800,3731,24454,23558.0,11002,637,13829
170,Fatehpur,558807.0,320756,31852,102262,77733.0,31793,3343,56046
171,Pratapgarh,711085.0,317855,44799,80353,41701.0,13220,1252,26731
172,Kaushambi,349856.0,193121,15394,48281,30764.0,13198,1354,15813
173,Allahabad,983266.0,479834,45231,153390,265304.0,80918,7694,222856
174,Bara Banki,635840.0,323643,75665,83931,79068.0,31232,6958,53609
175,Faizabad,510378.0,262335,47466,74005,79288.0,28623,3886,60418
176,Ambedkar Nagar,501559.0,232724,49655,69717,65031.0,27314,6374,35377
177,Sultanpur,839737.0,418190,72218,110006,49891.0,14818,2196,36371
178,Bahraich,698520.0,430987,60073,73345,61742.0,25932,3520,49085
179,Shrawasti,248770.0,139809,16917,25873,8504.0,3189,851,5358
180,Balrampur,410070.0,232510,27475,41828,35768.0,14487,1467,25718
181,Gonda,673578.0,344199,76115,53213,52794.0,17159,2323,40705
182,Siddharthnagar,480165.0,215114,31691,49938,33348.0,11806,1735,15641
183,Basti,513960.0,207126,51396,67329,31065.0,11091,2113,22398
184,Sant Kabir Nagar,324972.0,141038,33148,39972,27179.0,10301,1740,13508
185,Mahrajganj,573046.0,294546,50429,95699,34033.0,13375,1974,19876
186,Gorakhpur,761958.0,356597,67815,141725,189170.0,59778,7000,152093
187,Kushinagar,742324.0,414960,63098,109864,42775.0,16554,4021,26649
188,Deoria,597778.0,277967,50812,99829,67928.0,22824,4484,42388
189,Azamgarh,891024.0,430365,80193,149693,80434.0,30083,3861,51961
190,Mau,352207.0,166242,35573,61989,99321.0,43801,6754,63069
191,Ballia,564927.0,269471,72311,125414,64454.0,23268,5995,39317
192,Jaunpur,926088.0,426927,66679,142618,80582.0,35859,3546,57858
193,Ghazipur,700173.0,358489,72818,130233,61467.0,23604,4488,40261
194,Chandauli,344937.0,169020,23456,64849,50822.0,18703,2338,35169
195,Varanasi,438935.0,208934,29409,118952,316129.0,113175,11065,281355
196,Sant Ravidas Nagar (Bhadohi),293510.0,140005,18198,36983,45997.0,20239,2622,25575
197,Mirzapur,465152.0,240019,22328,89310,77963.0,31731,2729,53405
198,Sonbhadra,337048.0,188073,6067,46176,91040.0,31318,4279,64366
199,Etah,334246.0,189184,23398,30751,67752.0,29405,2101,53050
200,Kanshiram Nagar,271234.0,166809,24140,30379,72490.0,36318,3190,55745
201,Pashchim Champaran,839514.0,531413,41137,96545,96620.0,50146,7150,52079
202,Purba Champaran,1142260.0,639666,63967,177051,101565.0,43572,5790,54846
203,Sheohar,158484.0,94457,5389,31380,7516.0,3383,602,2774
204,Sitamarhi,807294.0,473882,50053,150964,49670.0,20763,3229,30051
205,Madhubani,1047552.0,532157,49235,181227,41234.0,17607,2928,22885
206,Supaul,572287.0,355391,28043,52079,27815.0,14409,2170,13018
207,Araria,659061.0,424436,24386,44158,44213.0,21444,2830,24008
208,Kishanganj,401793.0,249916,14063,24912,43357.0,20118,3426,22503
209,Purnia,712847.0,464064,36356,61305,85749.0,39531,8318,50678
210,Katihar,668232.0,414304,33412,84866,69838.0,29542,4959,47840
211,Madhepura,486278.0,311218,30150,54950,24000.0,11016,2088,12312
212,Saharsa,432651.0,278195,28555,54082,38046.0,16398,2816,25720
213,Darbhanga,907174.0,478988,73482,189600,95539.0,38216,8599,64012
214,Muzaffarpur,998694.0,603212,83891,218714,120700.0,43694,8208,93060
215,Gopalganj,515925.0,273957,41274,93383,38133.0,15101,2327,19372
216,Siwan,632514.0,294752,51867,127768,41858.0,14400,2554,29887
217,Saran,701323.0,360481,61016,124836,76299.0,31665,6028,45017
218,Vaishali,699317.0,397912,86016,174830,51494.0,22967,5459,31927
219,Samastipur,1012979.0,599684,98259,172207,43486.0,16786,2827,30528
220,Begusarai,594377.0,339390,68948,151567,139248.0,60573,13647,80347
221,Khagaria,373696.0,219734,33259,81093,21007.0,9937,1513,13928
222,Bhagalpur,522527.0,307246,45983,131155,130634.0,55912,10059,93665
223,Banka,425604.0,257491,28942,47243,18492.0,8673,944,8285
224,Munger,222281.0,130257,17561,58016,85782.0,33627,5748,63651
225,Lakhisarai,175882.0,103595,13543,47137,31763.0,16613,2669,19567
226,Sheikhpura,108293.0,64976,10180,26316,24345.0,10883,1802,12709
227,Nalanda,514141.0,306429,48844,117225,102522.0,42855,7280,75457
228,Patna,657991.0,384267,59878,181606,552103.0,171152,28710,477570
229,Bhojpur,434559.0,251176,37807,89085,77368.0,31799,6345,53075
230,Buxar,299252.0,169976,31422,59851,35405.0,14021,3116,23793
231,Kaimur (Bhabua),325143.0,196062,21135,47146,15299.0,5126,704,10740
232,Rohtas,512383.0,295645,32793,108113,95678.0,39994,5646,65444
233,Aurangabad,428291.0,247553,28268,73667,49006.0,20142,2647,33325
234,Gaya,696289.0,437270,55007,114888,111282.0,40062,5231,86578
235,Nawada,379551.0,236461,39094,65663,45323.0,17994,2901,31409
236,Jamui,325909.0,209234,26073,38784,30851.0,15087,2623,15087
237,Jehanabad,186660.0,114236,16987,41626,28132.0,11028,1942,19046
238,Arwal,134334.0,83153,10479,30226,9960.0,5150,608,3885
239,North  District,11543.0,5229,428,8658,2066.0,420,38,2011
240,West District,32091.0,16559,2536,26989,1886.0,291,125,1685
241,South District,31135.0,14105,1837,26434,8163.0,1249,74,7992
242,East District,40626.0,16901,3047,34858,41512.0,7639,706,39395
243,Tawang,10730.0,5033,440,7447,2452.0,613,15,2391
244,West Kameng,17889.0,8641,448,6959,0.0,0,0,0
245,East Kameng,14503.0,8441,378,3191,5215.0,2467,131,3338
246,Papum Pare,20308.0,8997,813,11129,30180.0,9477,1057,27676
247,Upper Subansiri,14542.0,9147,364,5003,4672.0,1799,57,3976
248,West Siang,22272.0,9177,179,15836,8503.0,2551,179,8129
249,East Siang,19497.0,5460,293,9242,9524.0,5372,410,8639
250,Upper Siang,8569.0,2503,35,4825,2182.0,1037,25,1750
251,Changlang,33422.0,16645,569,21825,6498.0,2489,52,5933
252,Tirap,18420.0,7976,185,15768,6500.0,3068,98,5974
253,Lower Subansiri,18112.0,7282,272,12335,5365.0,1315,38,5285
254,Kurung Kumey,18603.0,8316,2326,4372,1092.0,543,56,881
255,Dibang Valley,2055.0,1022,148,1330,1175.0,574,66,966
256,Lower Dibang Valley,12000.0,6324,384,5760,3950.0,1276,147,3500
257,Lohit,33599.0,18178,2016,16632,11372.0,5311,410,10144
258,Anjaw,6025.0,3182,362,1669,428.0,293,0,275
259,Mon,43607.0,27909,611,27342,7415.0,3612,416,6985
260,Mokokchung,37536.0,12800,188,36148,17742.0,5855,125,17476
261,Zunheboto,31267.0,13821,532,22419,6044.0,2182,13,5706
262,Wokha,38499.0,19866,385,22907,8170.0,1773,17,7901
263,Dimapur,49116.0,21955,1572,44991,62853.0,21748,1320,60842
264,Phek,38903.0,21164,934,29333,7295.0,2838,30,6829
265,Tuensang,40690.0,22380,1384,20264,9451.0,5095,293,8393
266,Longleng,12686.0,8386,280,8754,2451.0,1562,138,1856
267,Kiphire,16032.0,9171,161,5868,4290.0,1193,18,4089
268,Kohima,31845.0,10700,192,16624,44255.0,14118,841,40715
269,Peren,20204.0,10709,182,15578,4073.0,2489,86,3784
270,Senapati,38008.0,22691,837,27556,1826.0,1158,33,1783
271,Tamenglong,23982.0,13574,2015,15925,4119.0,2254,429,3984
272,Churachandpur,52972.0,28393,1219,43596,4853.0,2548,112,4795
273,Bishnupur,34977.0,12138,2064,31865,21172.0,6373,869,19987
274,Thoubal,65961.0,22097,3628,60487,38302.0,10265,1992,36043
275,Imphal West,51055.0,16900,2706,46971,85746.0,26153,3773,82917
276,Imphal East,64421.0,23450,2964,58559,46520.0,14654,1489,44427
277,Ukhrul,36084.0,25404,1877,29012,5806.0,3275,244,5580
278,Chandel,30377.0,17741,1246,23421,3783.0,1540,591,3666
279,Mamit,16726.0,8313,987,13900,4129.0,884,42,4076
280,Kolasib,9669.0,4555,213,9254,12507.0,4816,301,12082
281,Aizawl,20570.0,7118,350,20036,80341.0,13337,563,79779
282,Champhai,18395.0,8867,883,17457,12717.0,5647,191,12387
283,Serchhip,7472.0,3886,464,7204,8018.0,3737,770,7970
284,Lunglei,21479.0,10697,838,17291,17315.0,4641,139,16831
285,Lawngtlai,21993.0,10931,1144,13306,5273.0,1825,85,5184
286,Saiha,7043.0,2282,367,6128,5784.0,1661,134,5646
287,West Tripura,289621.0,119904,11585,246758,217016.0,69880,7813,212893
288,South Tripura,219171.0,94025,9863,181036,44906.0,12305,1617,44008
289,Dhalai,89457.0,42493,6441,59400,14071.0,5629,1267,13565
290,North Tripura,150437.0,72812,12487,122607,42184.0,14512,2996,40919
291,West Garo Hills,139351.0,68282,7665,78455,18594.0,6341,1172,17460
292,East Garo Hills,62698.0,30660,2258,49720,11518.0,4873,139,11138
293,South Garo Hills,35930.0,18397,1438,22780,3713.0,1556,101,3246
294,West Khasi Hills,74832.0,41981,6885,30532,12299.0,5756,566,11131
295,Ribhoi,57988.0,31256,3422,37171,5736.0,1956,178,5243
296,East Khasi Hills,106248.0,56206,9882,47068,108843.0,25579,2286,105469
297,Jaintia Hills,76546.0,35518,6430,33375,7171.0,1004,151,6892
298,Kokrajhar,204896.0,112693,26637,51020,17115.0,4245,805,15421
299,Dhubri,460602.0,295707,81066,179635,60417.0,24046,7371,48395
300,Goalpara,228610.0,138081,28805,141967,39504.0,18330,3161,33579
301,Barpeta,447189.0,282624,84072,312138,52192.0,17641,3863,48435
302,Morigaon,232206.0,145129,34367,132822,25275.0,10818,2326,22824
303,Nagaon,674999.0,400275,93150,486000,124186.0,54270,7327,118226
304,Sonitpur,483325.0,280812,49300,265829,64528.0,20779,2904,61302
305,Lakhimpur,293239.0,190019,28445,157470,34694.0,13080,1909,32856
306,Dhemaji,211758.0,140184,21176,85339,16504.0,7972,1189,15778
307,Tinsukia,290704.0,162795,14536,224715,90910.0,33728,4546,85910
308,Dibrugarh,299852.0,162520,17092,222491,77163.0,22918,3164,74386
309,Sivasagar,360182.0,217190,21972,258971,45047.0,16398,1757,41984
310,Jorhat,286330.0,174375,23193,168649,80824.0,28531,3233,76137
311,Golaghat,292893.0,187452,23139,190674,34190.0,13232,1436,33404
312,Karbi Anglong,215691.0,140415,9275,104611,37185.0,19337,1339,35140
313,Dima Hasao,37610.0,23469,1693,21476,21309.0,9632,704,20585
314,Cachar,346227.0,197004,42240,268673,88933.0,33084,5425,85198
315,Karimganj,261945.0,150881,39030,219248,32695.0,11803,2845,31845
316,Hailakandi,159215.0,94733,26749,130398,16202.0,4942,1232,15895
317,Bongaigaon,181923.0,116977,22741,89507,38470.0,11157,1655,35239
318,Chirang,129018.0,74186,14063,30965,11613.0,4588,1719,9860
319,Kamrup,390596.0,230843,48044,222640,43849.0,19776,3728,34510
320,Kamrup Metropolitan,61334.0,32140,6195,39684,366858.0,100153,14308,355853
321,Nalbari,210706.0,128531,20018,134220,28238.0,12228,2401,25443
322,Baksa,291641.0,187526,32664,112866,3580.0,1905,269,3369
323,Darrang,268517.0,154666,47797,127815,20189.0,6946,1737,18534
324,Udalguri,267790.0,160407,28654,111133,13835.0,4884,997,12424
325,Darjiling,303284.0,164380,24263,158618,215675.0,68369,11431,187638
326,Jalpaiguri,798378.0,461463,127741,296199,319426.0,118827,33540,262888
327,Koch Bihar,803407.0,463566,101230,447498,97331.0,32996,7690,87890
328,Uttar Dinajpur,683981.0,396025,84814,140901,94269.0,37708,13764,75981
329,Dakshin Dinajpur,390949.0,225187,46523,107511,70077.0,24037,6518,64191
330,Maldah,830318.0,489888,93826,210901,128678.0,62409,10681,95608
331,Murshidabad,1501066.0,842099,255182,520870,350899.0,170187,40705,216856
332,Birbhum,831044.0,432143,129643,155406,134565.0,50193,12515,82893
333,Barddhaman,1364868.0,707002,128298,629205,862368.0,329425,54330,616594
334,Nadia,1081381.0,582865,168696,771025,468390.0,192977,49650,437008
335,North Twenty Four Parganas,1209337.0,559924,238240,954167,1649803.0,551035,89090,1550815
336,Hugli,992085.0,451399,116074,596244,647953.0,218361,34342,575383
337,Bankura,900515.0,471870,105361,148585,90885.0,35264,8089,54895
338,Puruliya,653219.0,409569,48339,39847,99433.0,43254,6663,50612
339,Haora,483384.0,195288,67191,290998,869313.0,305999,56506,725877
340,Kolkata,0.0,,,,1308106.0,404205,35319,1241393
341,South Twenty Four Parganas,1568802.0,782833,254146,862842,611430.0,235401,49526,508099
342,Paschim Medinipur,1364335.0,712183,180093,571657,201048.0,65944,16687,155210
343,Purba Medinipur,1193006.0,584573,215935,1021214,170707.0,59407,17242,141346
344,Garhwa,272872.0,170273,12553,13371,19180.0,8536,1305,8881
345,Chatra,200974.0,115561,9044,13265,14528.0,6741,596,9545
346,Kodarma,116714.0,61042,4902,8871,34771.0,15543,1878,17490
347,Giridih,452564.0,242575,14030,26249,46886.0,17348,1595,28742
348,Deoghar,257373.0,155969,13127,14156,64337.0,24063,2703,43943
349,Godda,276454.0,173337,25434,21840,15576.0,5732,655,10109
350,Sahibganj,223450.0,145466,16312,20558,37543.0,17458,2929,20386
351,Pakur,200588.0,120153,14242,14643,16587.0,7747,946,7713
352,Dhanbad,258764.0,135075,12162,31570,405455.0,180428,15813,240435
353,Bokaro,250312.0,125907,10263,16521,258452.0,94852,8271,162050
354,Lohardaga,96759.0,60475,2710,7064,14725.0,5331,648,10382
355,Purbi Singhbhum,262537.0,133894,15228,35706,342126.0,88269,7869,276096
356,Palamu,355529.0,223273,22399,26310,52375.0,21003,2829,30535
357,Latehar,146377.0,84899,3221,10540,14137.0,5740,707,7889
358,Hazaribagh,312983.0,151797,10329,29108,68765.0,22762,2063,50543
359,Ramgarh,134067.0,67168,5095,14748,118558.0,47187,4269,71135
360,Dumka,303697.0,194063,18222,18830,23281.0,7800,1165,14947
361,Jamtara,165555.0,103638,8113,7285,20113.0,6738,664,12088
362,Ranchi,420740.0,231407,12623,55538,310242.0,98657,12720,245402
363,Khunti,67860.0,39156,2308,2715,67860.0,25923,2036,36577
364,Gumla,216629.0,137127,6283,13865,16445.0,6315,823,11265
365,Simdega,144169.0,85925,4181,7065,11114.0,4446,445,5935
366,Pashchimi Singhbhum,336928.0,171497,13478,12467,63396.0,23774,2853,37341
367,Saraikela-Kharsawan,217248.0,116228,7821,13904,68439.0,25049,2327,44144
368,Bargarh,411566.0,275338,34984,50623,47395.0,22134,2228,25689
369,Jharsuguda,103224.0,73806,6091,9704,73962.0,33653,4142,39644
370,Sambalpur,220697.0,153826,17215,18980,94798.0,39057,4930,56405
371,Debagarh,91408.0,68556,12249,5394,7350.0,4580,405,3771
372,Sundargarh,387911.0,294425,22499,32585,230151.0,107941,10127,150749
373,Kendujhar,490634.0,343444,42195,45629,83664.0,40829,6443,42502
374,Mayurbhanj,689110.0,499605,59264,103367,64479.0,28242,5223,41267
375,Baleshwar,601154.0,373317,69734,136462,82440.0,34790,5936,56060
376,Bhadrak,373862.0,240394,33274,59818,54244.0,28587,4015,28099
377,Kendrapara,414749.0,236407,31107,65531,23494.0,10479,2068,13580
378,Jagatsinghapur,309685.0,177450,21988,68441,43047.0,24623,1593,19286
379,Cuttack,579529.0,318741,58533,129815,210768.0,77142,13490,164400
380,Jajapur,495611.0,286464,72360,98627,45528.0,19532,3187,27864
381,Dhenkanal,315390.0,206581,36270,44786,36979.0,15458,2811,22114
382,Anugul,340410.0,219225,40850,56849,74177.0,28781,4896,47474
383,Nayagarh,261646.0,168239,31921,41602,26688.0,12944,2029,14892
384,Khordha,331834.0,207065,28206,60726,356895.0,130624,18202,273382
385,Puri,402014.0,257691,45026,62715,72210.0,33506,4189,52930
386,Ganjam,795476.0,490014,75571,151936,219918.0,87748,11436,143607
387,Gajapati,152095.0,101904,8974,19317,23050.0,9382,1153,13070
388,Kandhamal,218446.0,150291,14418,13763,24489.0,11388,1568,13837
389,Baudh,131377.0,98665,6175,11824,6577.0,3690,356,3375
390,Subarnapur,176927.0,130926,12739,13978,16575.0,10178,962,6465
391,Balangir,476770.0,327065,33374,48154,62192.0,29169,4230,36134
392,Nuapada,197258.0,143802,9469,25052,11869.0,6255,772,5745
393,Kalahandi,456336.0,320805,42896,37420,38412.0,18361,2651,22587
394,Rayagada,237343.0,165429,13529,15665,49205.0,17616,2116,29770
395,Nabarangapur,342840.0,237589,15085,19885,29424.0,15124,1442,15713
396,Koraput,381789.0,250836,20235,31307,78339.0,30474,4387,50843
397,Malkangiri,167884.0,112986,12424,10074,15839.0,7239,1331,7556
398,Koriya,121852.0,61536,2681,10358,59763.0,22412,777,35440
399,Surguja,0.0,0,0,0,65167.0,19160,1043,39948
400,Jashpur,0.0,0,0,0,20722.0,7833,249,8745
401,Raigarh,354278.0,203356,17006,46057,66638.0,25190,2000,38184
402,Korba,206598.0,112390,6612,24586,126055.0,37439,2017,73869
403,Janjgir - Champa,379583.0,223954,21257,41755,61190.0,26802,2326,27169
404,Bilaspur,549632.0,324833,28581,91239,188174.0,67931,5834,123631
405,Kabeerdham,187311.0,114073,11614,16858,23868.0,8760,1218,11815
406,Rajnandgaon,313604.0,149590,10663,58017,76528.0,25102,1914,40713
407,Durg,533448.0,279527,26673,74683,349741.0,103524,7695,218938
408,Raipur,673499.0,383895,39737,86882,395001.0,118896,11456,256751
409,Mahasamund,274793.0,164876,12641,41769,35774.0,14739,1467,17923
410,Dhamtari,168689.0,92948,7085,40823,41792.0,16383,1463,22401
411,Uttar Bastar Kanker,169191.0,78674,5076,25041,24878.0,9404,797,15151
412,Bastar,316425.0,165174,10759,43984,54894.0,19433,1592,33486
413,Narayanpur,26916.0,15504,1185,1104,6179.0,3417,136,2732
414,Dakshin Bastar Dantewada,106545.0,53380,3410,7672,31304.0,11051,908,15590
415,Bijapur,50449.0,28504,2119,1363,7942.0,4861,247,2232
416,Sheopur,150146.0,90689,7958,8709,26376.0,10709,845,15088
417,Morena,319298.0,170825,16604,21393,95288.0,34018,2002,70323
418,Bhind,271211.0,139945,12476,25223,88385.0,35973,2210,59484
419,Gwalior,172720.0,83079,7773,29881,272172.0,73215,5444,236790
420,Datia,160453.0,74932,4333,18132,43401.0,15104,1303,27387
421,Shivpuri,367859.0,199748,15451,20601,66759.0,21030,1870,43861
422,Tikamgarh,322772.0,144280,9361,12589,60220.0,19813,1626,27220
423,Chhatarpur,375869.0,169893,9773,19546,95048.0,27659,1521,55033
424,Panna,256744.0,121954,7703,12838,32179.0,11585,741,17313
425,Sagar,448408.0,231379,21076,50222,165507.0,53128,4138,107084
426,Damoh,303387.0,164133,15170,17900,66514.0,22682,1929,37381
427,Satna,461831.0,181038,10161,105298,114173.0,26717,2626,69075
428,Rewa,523910.0,181797,11003,93256,94489.0,20599,2268,56221
429,Umaria,138100.0,65184,5801,8010,29966.0,8481,630,16542
430,Neemuch,174235.0,80671,4879,23000,67962.0,18758,952,43224
431,Mandsaur,302287.0,150237,6953,40205,81832.0,24141,1392,55810
432,Ratlam,266716.0,153896,9336,35740,107151.0,29467,1501,88722
433,Ujjain,300765.0,165120,11430,53837,188684.0,56794,3585,157740
434,Shajapur,312611.0,177251,13755,41890,73997.0,23754,1776,49356
435,Dewas,274995.0,134748,17050,59674,101014.0,30810,2627,78084
436,Dhar,412348.0,232977,19381,79171,103364.0,31733,3101,78971
437,Indore,200371.0,82954,9218,83154,587947.0,136992,15875,530917
438,Khargone (West Nimar),383543.0,218236,24164,49861,76620.0,22603,2452,56546
439,Barwani,250358.0,150716,13019,25787,48912.0,18294,2006,32331
440,Rajgarh,331894.0,200464,21574,25888,69823.0,24927,2235,42593
441,Vidisha,292579.0,132246,8778,33647,83830.0,25652,1761,59939
442,Bhopal,118893.0,55405,5113,25562,581826.0,175130,15128,488153
443,Sehore,270427.0,117907,17849,58683,59220.0,18536,1481,46844
444,Raisen,251272.0,116591,18092,46486,74441.0,27097,2978,53598
445,Betul,318945.0,145439,15310,41144,87704.0,26575,2632,62797
446,Harda,112714.0,47566,8679,43170,31845.0,8439,1402,25254
447,Hoshangabad,209650.0,92037,21385,70862,105746.0,30350,3596,85232
448,Katni,276151.0,128411,12151,23749,72880.0,20844,1750,47956
449,Jabalpur,272284.0,125796,15521,72973,352477.0,103629,10222,282687
450,Narsimhapur,230659.0,112793,22605,63432,53059.0,17881,3131,38097
451,Dindori,218021.0,111627,5887,8067,9774.0,3685,538,5406
452,Mandla,279674.0,120820,12026,18739,37258.0,10656,1491,24255
453,Chhindwara,413142.0,207811,21071,50817,140802.0,47169,5210,93352
454,Seoni,335045.0,151106,16418,50927,47542.0,13170,1664,35134
455,Balaghat,400074.0,153229,21604,46809,70793.0,20814,2407,44671
456,Guna,212765.0,104681,6171,15745,72320.0,24300,2387,43103
457,Ashoknagar,169606.0,74627,4580,11873,37135.0,14038,632,20908
458,Shahdol,233594.0,103249,6775,17754,57846.0,16892,1562,36848
459,Anuppur,103857.0,38220,1974,4570,103857.0,25965,2285,59095
460,Sidhi,250953.0,95865,4769,10290,25916.0,6946,389,12699
461,Singrauli,228732.0,101558,4346,5033,58593.0,15879,1524,30527
462,Jhabua,211080.0,132137,10766,12243,24713.0,6302,445,18980
463,Alirajpur,135866.0,84373,5435,6794,14662.0,4370,382,11041
464,Khandwa (East Nimar),265663.0,139208,21254,46226,63425.0,19726,2791,43954
465,Burhanpur,115979.0,56134,7423,21457,62861.0,26214,2452,43123
466,Kachchh,488293.0,124027,5372,240241,250982.0,53711,2510,220614
467,Banas Kantha,666773.0,258708,26671,114019,137424.0,32707,2062,107191
468,Patan,301483.0,112454,11457,108233,102655.0,26178,1540,84588
469,Mahesana,476005.0,156130,12377,211347,183738.0,40055,2389,156178
470,Sabar Kantha,544024.0,223594,11425,169192,121509.0,32929,1945,93198
471,Gandhinagar,237624.0,86971,5466,101704,195634.0,47735,2544,158073
472,Ahmadabad,353169.0,143034,7064,116193,1845383.0,441047,11073,1699598
473,Surendranagar,340788.0,124047,7839,70884,159810.0,38035,2238,111867
474,Rajkot,459474.0,130491,6893,202169,721532.0,158016,7937,624126
475,Jamnagar,347158.0,104495,5555,120811,299167.0,68809,2992,250702
476,Porbandar,96015.0,29189,2209,37542,87557.0,21540,1139,67770
477,Junagadh,489237.0,159981,8318,225050,287506.0,68714,4026,246393
478,Amreli,313714.0,90664,5334,163445,116899.0,28875,1169,91649
479,Bhavnagar,387251.0,128568,5809,124308,356826.0,91705,3926,291171
480,Anand,413078.0,170602,8675,170602,208909.0,54526,2716,173395
481,Kheda,461479.0,194745,11537,117216,160547.0,40137,2409,126030
482,Panch Mahals,463363.0,233535,12048,78772,104238.0,25435,1147,87665
483,Dohad,323697.0,192600,6798,19746,52807.0,12463,581,37916
484,Vadodara,547454.0,251829,10950,156025,692971.0,137902,5544,636841
485,Narmada,138121.0,60636,1796,22100,22248.0,7498,423,16620
486,Bharuch,300677.0,114859,4511,137711,181319.0,36627,1088,162100
487,The Dangs,52102.0,18914,574,13182,7516.0,2015,53,4345
488,Navsari,267739.0,92370,3749,119144,141417.0,28284,1273,121195
489,Valsad,262410.0,104177,3412,72426,235981.0,58052,2124,179346
490,Surat,369840.0,114281,4439,184551,1529998.0,302940,7650,1435139
491,Tapi,192272.0,69795,1923,44223,26217.0,7813,210,20319
492,Diu,9788.0,1244,30,4239,9062.0,970,19,6770
493,Daman,10006.0,2642,91,5734,61073.0,22659,367,53012
494,Nandurbar,333440.0,163053,13005,74358,71572.0,20900,2362,45449
495,Dhule,382777.0,143159,13015,71580,146013.0,33145,2337,95347
496,Jalgaon,796223.0,309731,43793,179947,373565.0,101237,6351,242444
497,Buldana,575405.0,269865,38553,167443,152787.0,52559,5348,93048
498,Akola,308158.0,146376,21880,95221,196077.0,66275,7255,141764
499,Washim,274925.0,127291,18420,75605,55921.0,19964,1454,37635
500,Amravati,508921.0,226979,33589,209167,272894.0,85416,7914,214495
501,Wardha,268486.0,117329,25507,126726,120218.0,28853,4449,94251
502,Nagpur,430844.0,168030,35761,198620,877522.0,207973,24571,789770
503,Bhandara,283843.0,123756,22992,158385,72575.0,18144,2468,61181
504,Gondiya,319702.0,128840,16625,151859,66813.0,18040,2205,51647
505,Gadchiroli,293586.0,125068,25542,65177,37254.0,10059,1491,24551
506,Chandrapur,451324.0,186397,50549,131336,233331.0,58800,7934,167299
507,Yavatmal,629243.0,295115,50969,137175,168889.0,49485,6587,115183
508,Nanded,591119.0,302653,46108,113495,230563.0,80698,9223,168773
509,Hingoli,242456.0,113227,14548,65221,41913.0,16221,1300,27537
510,Parbhani,293480.0,138817,24359,39033,133759.0,47886,5886,89485
511,Jalna,404746.0,165946,27928,118186,98084.0,35801,3041,68855
512,Aurangabad,551789.0,219061,44144,109255,427343.0,96580,5983,373498
513,Nashik,904661.0,312109,50662,265066,764271.0,185718,19107,528112
514,Thane,713994.0,262750,41412,283456,2904157.0,630203,31946,2163597
515,Mumbai Suburban,0.0,,,,3078829.0,834363,43104,1684120
516,Mumbai,0.0,,,,1107321.0,290119,16610,741906
517,Raigarh,581868.0,164669,20948,296171,377160.0,66758,4149,305500
518,Pune,1165718.0,278607,57121,720414,2056739.0,429859,26738,1655675
519,Ahmadnagar,1041393.0,318667,77064,407185,282011.0,65145,7051,207561
520,Bid,563114.0,230877,45050,86720,135457.0,41721,3929,93601
521,Latur,428616.0,171876,24432,106297,157016.0,48047,4083,122316
522,Osmanabad,367158.0,140255,22764,81510,77832.0,24595,2180,44987
523,Solapur,779929.0,230859,60835,250358,376302.0,115902,7150,229168
524,Satara,774522.0,215318,41050,542940,200949.0,41597,5426,151516
525,Ratnagiri,538538.0,154561,22081,361898,100824.0,16737,1916,82676
526,Sindhudurg,295847.0,81654,13609,220111,44989.0,10708,1350,39051
527,Kolhapur,796496.0,193549,15930,592594,382818.0,84986,4594,285966
528,Sangli,626872.0,171763,31971,379258,226801.0,57381,5444,175998
529,Adilabad,597466.0,213296,38836,82451,220248.0,51759,6167,155716
530,Nizamabad,565165.0,179723,24303,166159,155133.0,39404,3413,132639
531,Karimnagar,877236.0,284225,44740,300015,288044.0,60490,5185,243110
532,Medak,593653.0,205404,26121,188782,195479.0,37923,2346,165376
533,Hyderabad,0.0,,,,1066289.0,203662,9597,1050295
534,Rangareddy,432098.0,110185,9507,187963,1129224.0,182935,7905,1084056
535,Mahbubnagar,848963.0,261481,52636,151965,161052.0,30600,2738,125782
536,Nalgonda,833504.0,285059,49177,265888,197433.0,47977,3357,160316
537,Warangal,758738.0,294391,64493,225346,288249.0,68316,8360,237518
538,Khammam,669262.0,226880,34802,250304,201363.0,45509,4430,171965
539,Srikakulam,752752.0,241634,26347,96353,149684.0,32033,2545,98642
540,Vizianagaram,592458.0,183070,19552,63394,157056.0,31412,2985,104286
541,Visakhapatnam,718847.0,213498,23004,153834,660493.0,112284,7266,551512
542,East Godavari,1199479.0,364642,46780,563756,406362.0,84930,6909,354755
543,West Godavari,1007255.0,302177,48349,593274,248373.0,52407,5465,220307
544,Krishna,909292.0,280062,40009,511023,567042.0,113976,9640,527350
545,Guntur,1069877.0,331662,44935,497493,513113.0,112372,9750,442817
546,Prakasam,873486.0,260299,36687,244577,214089.0,45387,4282,165705
547,Sri Potti Sriramulu Nellore,689137.0,192270,29633,175730,264376.0,43887,5024,208329
548,Y.S.R.,590589.0,129339,15356,167728,293504.0,54592,3229,232162
549,Kurnool,783853.0,211641,25868,216344,306982.0,64467,4298,223176
550,Anantapur,902997.0,195951,26187,198660,341431.0,71360,4439,260171
551,Chittoor,0.0,0,0,0,395900.0,58198,4751,322659
552,Belgaum,962777.0,370670,45251,178114,356198.0,90831,6768,257888
553,Bagalkot,324799.0,139339,16890,23386,165858.0,54568,6137,70490
554,Bijapur,396449.0,165320,26959,19823,131041.0,36299,3801,77970
555,Bidar,287134.0,162805,14357,25268,102269.0,30681,3069,69646
556,Raichur,330446.0,142753,23462,33045,125402.0,38750,4515,63203
557,Koppal,272968.0,107550,14195,32757,64681.0,17270,2394,31306
558,Gadag,180066.0,75268,9184,16567,111906.0,39951,3805,47337
559,Dharwad,199707.0,80682,7789,46133,283397.0,82186,5668,232386
560,Uttara Kannada,334281.0,160790,21394,169147,140511.0,52411,4497,113252
561,Haveri,315076.0,141470,15754,88852,98488.0,29448,2857,68647
562,Bellary,371604.0,148270,20067,44965,251876.0,72541,7557,159942
563,Chitradurga,349704.0,157367,20633,66794,97644.0,30954,1953,72159
564,Davanagere,354680.0,163508,20572,105695,176011.0,54036,4929,142393
565,Shimoga,352444.0,161420,25729,217811,201662.0,64936,6454,176858
566,Udupi,269817.0,93087,11333,225568,115572.0,28893,2428,110950
567,Chikmagalur,311660.0,141806,17142,168609,80766.0,24634,2343,72205
568,Tumkur,685443.0,280347,39756,125437,204799.0,57139,5120,168960
569,Bangalore,300576.0,86566,7515,224831,2967384.0,590510,32642,2872428
570,Mandya,458867.0,202820,20650,126189,103435.0,31962,3207,88851
571,Hassan,496103.0,241603,30759,132460,132878.0,39465,3190,119458
572,Dakshina Kannada,332919.0,135831,12319,293302,317373.0,83470,5078,309757
573,Kodagu,181182.0,72473,8335,142772,31792.0,10619,1018,30839
574,Mysore,540596.0,259487,28652,145961,380386.0,108411,8369,358324
575,Chamarajanagar,262680.0,124773,18388,40453,57200.0,21393,2574,36780
576,Gulbarga,400704.0,173906,14827,18032,199303.0,57400,2990,135925
577,Yadgir,207787.0,106387,11429,8935,55208.0,18992,1602,22194
578,Kolar,326567.0,133566,16655,83275,151042.0,47730,2417,121136
579,Chikkaballapura,315649.0,120894,15467,72600,94053.0,26241,1505,79287
580,Bangalore Rural,231052.0,84334,8549,174445,95410.0,27765,1622,87110
581,Ramanagara,266950.0,116124,18153,74746,84834.0,29014,2715,75079
582,North Goa,115859.0,26648,2086,79596,209230.0,41010,2302,178474
583,South Goa,88620.0,20738,1773,65402,162873.0,39742,2444,138768
584,Kasaragod,251641.0,80274,19125,223458,166164.0,30741,4487,160515
585,Kannur,306288.0,95256,18990,294956,566191.0,109842,11891,557699
586,Wayanad,266183.0,94229,23957,244090,11805.0,4722,650,11251
587,Kozhikode,323793.0,87748,21371,314080,666543.0,128643,23996,654546
588,Malappuram,634543.0,175134,26651,612334,522586.0,111311,13065,514748
589,Palakkad,665899.0,235729,35959,587323,228442.0,64193,7539,216792
590,Thrissur,336748.0,118536,17175,326309,715119.0,203809,29320,702962
591,Ernakulam,369694.0,109430,18485,358234,804997.0,179515,24955,791313
592,Idukki,391610.0,172701,32504,347359,20823.0,4894,292,20678
593,Kottayam,481967.0,168689,22171,462689,196194.0,51992,5102,192663
594,Alappuzha,331419.0,99095,25520,301260,392117.0,104696,25488,371335
595,Pathanamthitta,414992.0,125328,20335,388848,57848.0,13710,1620,55535
596,Kollam,523715.0,156591,39279,487055,401415.0,97946,22078,386965
597,Thiruvananthapuram,559293.0,191279,57048,513991,609824.0,157945,37200,587261
598,Thiruvallur,387237.0,125465,12779,109589,732196.0,132528,7322,650191
599,Chennai,0.0,,,,1314125.0,228658,11828,1256304
600,Kancheepuram,438799.0,139100,10093,128569,774705.0,136349,6198,663148
601,Vellore,653499.0,181673,15031,125472,486801.0,102229,7303,346603
602,Tiruvannamalai,563102.0,163300,12952,70388,147061.0,27501,1912,95737
603,Viluppuram,808042.0,290896,16161,106662,159272.0,37907,2390,104483
604,Salem,572813.0,184446,13175,83631,597539.0,145800,7769,328049
605,Namakkal,370357.0,94071,6667,115552,257127.0,62482,3086,140392
606,Erode,411286.0,117628,8226,138604,432398.0,102911,4757,275870
607,The Nilgiris,112126.0,38796,2355,47430,151979.0,55321,2888,89516
608,Dindigul,443818.0,139803,7989,83882,269724.0,69859,3777,154822
609,Karur,212241.0,61550,4670,48816,152420.0,30637,1372,102274
610,Tiruchirappalli,452707.0,134907,10865,108650,423020.0,90527,5077,313881
611,Perambalur,155413.0,46935,3420,24245,33179.0,5608,299,18315
612,Ariyalur,223955.0,84879,7615,31802,30322.0,8400,607,15556
613,Cuddalore,497429.0,193500,11939,98989,260780.0,68846,3912,178896
614,Nagapattinam,399016.0,178361,12769,124493,118724.0,36805,2850,82751
615,Thiruvarur,321331.0,143957,13175,101220,86848.0,24231,1477,63226
616,Thanjavur,479070.0,206480,21559,137973,274302.0,78725,5487,205178
617,Pudukkottai,399712.0,157887,16788,70750,104229.0,26162,1668,72231
618,Sivaganga,309224.0,98025,9277,73905,143193.0,31503,2005,112407
619,Madurai,417718.0,134088,8773,86468,592723.0,102542,4742,502630
620,Theni,189328.0,66644,3976,46954,221295.0,66168,2877,115074
621,Virudhunagar,363782.0,98222,6185,53113,370942.0,71592,3339,173972
622,Ramanathapuram,290478.0,99925,8715,65358,126761.0,31818,2029,89494
623,Thoothukkudi,336078.0,112587,6722,94774,300661.0,69754,3909,219784
624,Tirunelveli,547962.0,166033,8768,181924,516705.0,129693,5684,325008
625,Kanniyakumari,104253.0,37115,2815,86635,493788.0,162951,14814,436509
626,Dharmapuri,396819.0,131348,9921,42460,91107.0,20955,1458,53754
627,Krishnagiri,437988.0,143223,9636,84094,142552.0,26088,856,111619
628,Coimbatore,284795.0,78034,4557,94837,884957.0,213275,7080,689382
629,Tiruppur,356886.0,98501,6068,110278,538022.0,126974,3767,403517
630,Yanam,0.0,,,,15519.0,2390,109,12711
631,Mahe,0.0,,,,12110.0,1914,134,11844
632,Karaikal,35618.0,13108,748,16955,33715.0,7081,405,25084
633,Nicobars,15958.0,3799,192,12911,0.0,,,
634,South Andaman,34901.0,11692,1222,22581,50631.0,10836,608,44455
